[2026-07-24 23:06:53] local.ERROR: Excepcion no controlada: SQLSTATE[42S01]: Base table or view already exists: 1050 Table 'users' already exists (Connection: mysql, SQL: create table `users` (`id` bigint unsigned not null auto_increment primary key, `name` varchar(255) not null, `email` varchar(255) not null, `email_verified_at` timestamp null, `password` varchar(255) not null, `rol` enum('admin', 'recepcionista', 'doctor', 'paciente') not null default 'paciente' comment 'Rol del usuario dentro del sistema', `remember_token` varchar(100) null, `created_at` timestamp null, `updated_at` timestamp null) default character set utf8mb4 collate 'utf8mb4_unicode_ci' engine = InnoDB) {"excepcion":"Illuminate\\Database\\QueryException","usuario_id":null,"url":"http://localhost","metodo":"GET","archivo":"C:\\Users\\Usuario\\Downloads\\citas-medicas-laravel-actualizado\\citas-medicas-laravel\\vendor\\laravel\\framework\\src\\Illuminate\\Database\\Connection.php:825"} 
[2026-07-24 23:06:53] local.ERROR: SQLSTATE[42S01]: Base table or view already exists: 1050 Table 'users' already exists (Connection: mysql, SQL: create table `users` (`id` bigint unsigned not null auto_increment primary key, `name` varchar(255) not null, `email` varchar(255) not null, `email_verified_at` timestamp null, `password` varchar(255) not null, `rol` enum('admin', 'recepcionista', 'doctor', 'paciente') not null default 'paciente' comment 'Rol del usuario dentro del sistema', `remember_token` varchar(100) null, `created_at` timestamp null, `updated_at` timestamp null) default character set utf8mb4 collate 'utf8mb4_unicode_ci' engine = InnoDB) {"exception":"[object] (Illuminate\\Database\\QueryException(code: 42S01): SQLSTATE[42S01]: Base table or view already exists: 1050 Table 'users' already exists (Connection: mysql, SQL: create table `users` (`id` bigint unsigned not null auto_increment primary key, `name` varchar(255) not null, `email` varchar(255) not null, `email_verified_at` timestamp null, `password` varchar(255) not null, `rol` enum('admin', 'recepcionista', 'doctor', 'paciente') not null default 'paciente' comment 'Rol del usuario dentro del sistema', `remember_token` varchar(100) null, `created_at` timestamp null, `updated_at` timestamp null) default character set utf8mb4 collate 'utf8mb4_unicode_ci' engine = InnoDB) at C:/Users/Usuario/Downloads/citas-medicas-laravel-actualizado/citas-medicas-laravel/vendor/laravel/framework/src/Illuminate/Database/Connection.php:825)
[stacktrace]
#0 C:/Users/Usuario/Downloads/citas-medicas-laravel-actualizado/citas-medicas-laravel/vendor/laravel/framework/src/Illuminate/Database/Connection.php(779): Illuminate/Database/Connection->runQueryCallback('create table `u...', Array, Object(Closure))
#1 C:/Users/Usuario/Downloads/citas-medicas-laravel-actualizado/citas-medicas-laravel/vendor/laravel/framework/src/Illuminate/Database/Connection.php(560): Illuminate/Database/Connection->run('create table `u...', Array, Object(Closure))
#2 C:/Users/Usuario/Downloads/citas-medicas-laravel-actualizado/citas-medicas-laravel/vendor/laravel/framework/src/Illuminate/Database/Schema/Blueprint.php(118): Illuminate/Database/Connection->statement('create table `u...')
#3 C:/Users/Usuario/Downloads/citas-medicas-laravel-actualizado/citas-medicas-laravel/vendor/laravel/framework/src/Illuminate/Database/Schema/Builder.php(564): Illuminate/Database/Schema/Blueprint->build(Object(Illuminate/Database/MySqlConnection), Object(Illuminate/Database/Schema/Grammars/MySqlGrammar))
#4 C:/Users/Usuario/Downloads/citas-medicas-laravel-actualizado/citas-medicas-laravel/vendor/laravel/framework/src/Illuminate/Database/Schema/Builder.php(418): Illuminate/Database/Schema/Builder->build(Object(Illuminate/Database/Schema/Blueprint))
#5 C:/Users/Usuario/Downloads/citas-medicas-laravel-actualizado/citas-medicas-laravel/vendor/laravel/framework/src/Illuminate/Support/Facades/Facade.php(361): Illuminate/Database/Schema/Builder->create('users', Object(Closure))
#6 C:/Users/Usuario/Downloads/citas-medicas-laravel-actualizado/citas-medicas-laravel/database/migrations/2024_01_01_000001_create_users_table.php(11): Illuminate/Support/Facades/Facade::__callStatic('create', Array)
#7 C:/Users/Usuario/Downloads/citas-medicas-laravel-actualizado/citas-medicas-laravel/vendor/laravel/framework/src/Illuminate/Database/Migrations/Migrator.php(507): Illuminate/Database/Migrations/Migration@anonymous->up()
#8 C:/Users/Usuario/Downloads/citas-medicas-laravel-actualizado/citas-medicas-laravel/vendor/laravel/framework/src/Illuminate/Database/Migrations/Migrator.php(432): Illuminate/Database/Migrations/Migrator->runMethod(Object(Illuminate/Database/MySqlConnection), Object(Illuminate/Database/Migrations/Migration@anonymous), 'up')
#9 C:/Users/Usuario/Downloads/citas-medicas-laravel-actualizado/citas-medicas-laravel/vendor/laravel/framework/src/Illuminate/Database/Migrations/Migrator.php(441): Illuminate/Database/Migrations/Migrator->{closure:Illuminate/Database/Migrations/Migrator::runMigration():428}()
#10 C:/Users/Usuario/Downloads/citas-medicas-laravel-actualizado/citas-medicas-laravel/vendor/laravel/framework/src/Illuminate/Database/Migrations/Migrator.php(244): Illuminate/Database/Migrations/Migrator->runMigration(Object(Illuminate/Database/Migrations/Migration@anonymous), 'up')
#11 C:/Users/Usuario/Downloads/citas-medicas-laravel-actualizado/citas-medicas-laravel/vendor/laravel/framework/src/Illuminate/Console/View/Components/Task.php(40): Illuminate/Database/Migrations/Migrator->{closure:Illuminate/Database/Migrations/Migrator::runUp():244}()
#12 C:/Users/Usuario/Downloads/citas-medicas-laravel-actualizado/citas-medicas-laravel/vendor/laravel/framework/src/Illuminate/Database/Migrations/Migrator.php(798): Illuminate/Console/View/Components/Task->render('2024_01_01_0000...', Object(Closure))
#13 C:/Users/Usuario/Downloads/citas-medicas-laravel-actualizado/citas-medicas-laravel/vendor/laravel/framework/src/Illuminate/Database/Migrations/Migrator.php(244): Illuminate/Database/Migrations/Migrator->write('Illuminate//Cons...', '2024_01_01_0000...', Object(Closure))
#14 C:/Users/Usuario/Downloads/citas-medicas-laravel-actualizado/citas-medicas-laravel/vendor/laravel/framework/src/Illuminate/Database/Migrations/Migrator.php(211): Illuminate/Database/Migrations/Migrator->runUp('C://Users//Usuari...', 1, false)
#15 C:/Users/Usuario/Downloads/citas-medicas-laravel-actualizado/citas-medicas-laravel/vendor/laravel/framework/src/Illuminate/Database/Migrations/Migrator.php(138): Illuminate/Database/Migrations/Migrator->runPending(Array, Array)
#16 C:/Users/Usuario/Downloads/citas-medicas-laravel-actualizado/citas-medicas-laravel/vendor/laravel/framework/src/Illuminate/Database/Console/Migrations/MigrateCommand.php(117): Illuminate/Database/Migrations/Migrator->run(Array, Array)
#17 C:/Users/Usuario/Downloads/citas-medicas-laravel-actualizado/citas-medicas-laravel/vendor/laravel/framework/src/Illuminate/Database/Migrations/Migrator.php(658): Illuminate/Database/Console/Migrations/MigrateCommand->{closure:Illuminate/Database/Console/Migrations/MigrateCommand::runMigrations():110}()
#18 C:/Users/Usuario/Downloads/citas-medicas-laravel-actualizado/citas-medicas-laravel/vendor/laravel/framework/src/Illuminate/Database/Console/Migrations/MigrateCommand.php(110): Illuminate/Database/Migrations/Migrator->usingConnection(NULL, Object(Closure))
#19 C:/Users/Usuario/Downloads/citas-medicas-laravel-actualizado/citas-medicas-laravel/vendor/laravel/framework/src/Illuminate/Database/Console/Migrations/MigrateCommand.php(89): Illuminate/Database/Console/Migrations/MigrateCommand->runMigrations()
#20 C:/Users/Usuario/Downloads/citas-medicas-laravel-actualizado/citas-medicas-laravel/vendor/laravel/framework/src/Illuminate/Container/BoundMethod.php(36): Illuminate/Database/Console/Migrations/MigrateCommand->handle()
#21 C:/Users/Usuario/Downloads/citas-medicas-laravel-actualizado/citas-medicas-laravel/vendor/laravel/framework/src/Illuminate/Container/Util.php(43): Illuminate/Container/BoundMethod::{closure:Illuminate/Container/BoundMethod::call():35}()
#22 C:/Users/Usuario/Downloads/citas-medicas-laravel-actualizado/citas-medicas-laravel/vendor/laravel/framework/src/Illuminate/Container/BoundMethod.php(95): Illuminate/Container/Util::unwrapIfClosure(Object(Closure))
#23 C:/Users/Usuario/Downloads/citas-medicas-laravel-actualizado/citas-medicas-laravel/vendor/laravel/framework/src/Illuminate/Container/BoundMethod.php(35): Illuminate/Container/BoundMethod::callBoundMethod(Object(Illuminate/Foundation/Application), Array, Object(Closure))
#24 C:/Users/Usuario/Downloads/citas-medicas-laravel-actualizado/citas-medicas-laravel/vendor/laravel/framework/src/Illuminate/Container/Container.php(696): Illuminate/Container/BoundMethod::call(Object(Illuminate/Foundation/Application), Array, Array, NULL)
#25 C:/Users/Usuario/Downloads/citas-medicas-laravel-actualizado/citas-medicas-laravel/vendor/laravel/framework/src/Illuminate/Console/Command.php(213): Illuminate/Container/Container->call(Array)
#26 C:/Users/Usuario/Downloads/citas-medicas-laravel-actualizado/citas-medicas-laravel/vendor/symfony/console/Command/Command.php(341): Illuminate/Console/Command->execute(Object(Symfony/Component/Console/Input/ArgvInput), Object(Illuminate/Console/OutputStyle))
#27 C:/Users/Usuario/Downloads/citas-medicas-laravel-actualizado/citas-medicas-laravel/vendor/laravel/framework/src/Illuminate/Console/Command.php(182): Symfony/Component/Console/Command/Command->run(Object(Symfony/Component/Console/Input/ArgvInput), Object(Illuminate/Console/OutputStyle))
#28 C:/Users/Usuario/Downloads/citas-medicas-laravel-actualizado/citas-medicas-laravel/vendor/symfony/console/Application.php(1117): Illuminate/Console/Command->run(Object(Symfony/Component/Console/Input/ArgvInput), Object(Symfony/Component/Console/Output/ConsoleOutput))
#29 C:/Users/Usuario/Downloads/citas-medicas-laravel-actualizado/citas-medicas-laravel/vendor/symfony/console/Application.php(356): Symfony/Component/Console/Application->doRunCommand(Object(Illuminate/Database/Console/Migrations/MigrateCommand), Object(Symfony/Component/Console/Input/ArgvInput), Object(Symfony/Component/Console/Output/ConsoleOutput))
#30 C:/Users/Usuario/Downloads/citas-medicas-laravel-actualizado/citas-medicas-laravel/vendor/symfony/console/Application.php(195): Symfony/Component/Console/Application->doRun(Object(Symfony/Component/Console/Input/ArgvInput), Object(Symfony/Component/Console/Output/ConsoleOutput))
#31 C:/Users/Usuario/Downloads/citas-medicas-laravel-actualizado/citas-medicas-laravel/vendor/laravel/framework/src/Illuminate/Foundation/Console/Kernel.php(198): Symfony/Component/Console/Application->run(Object(Symfony/Component/Console/Input/ArgvInput), Object(Symfony/Component/Console/Output/ConsoleOutput))
#32 C:/Users/Usuario/Downloads/citas-medicas-laravel-actualizado/citas-medicas-laravel/vendor/laravel/framework/src/Illuminate/Foundation/Application.php(1235): Illuminate/Foundation/Console/Kernel->handle(Object(Symfony/Component/Console/Input/ArgvInput), Object(Symfony/Component/Console/Output/ConsoleOutput))
#33 C:/Users/Usuario/Downloads/citas-medicas-laravel-actualizado/citas-medicas-laravel/artisan(16): Illuminate/Foundation/Application->handleCommand(Object(Symfony/Component/Console/Input/ArgvInput))
#34 {main}

[previous exception] [object] (PDOException(code: 42S01): SQLSTATE[42S01]: Base table or view already exists: 1050 Table 'users' already exists at C:/Users/Usuario/Downloads/citas-medicas-laravel-actualizado/citas-medicas-laravel/vendor/laravel/framework/src/Illuminate/Database/Connection.php:571)
[stacktrace]
#0 C:/Users/Usuario/Downloads/citas-medicas-laravel-actualizado/citas-medicas-laravel/vendor/laravel/framework/src/Illuminate/Database/Connection.php(571): PDOStatement->execute()
#1 C:/Users/Usuario/Downloads/citas-medicas-laravel-actualizado/citas-medicas-laravel/vendor/laravel/framework/src/Illuminate/Database/Connection.php(812): Illuminate/Database/Connection->{closure:Illuminate/Database/Connection::statement():560}('create table `u...', Array)
#2 C:/Users/Usuario/Downloads/citas-medicas-laravel-actualizado/citas-medicas-laravel/vendor/laravel/framework/src/Illuminate/Database/Connection.php(779): Illuminate/Database/Connection->runQueryCallback('create table `u...', Array, Object(Closure))
#3 C:/Users/Usuario/Downloads/citas-medicas-laravel-actualizado/citas-medicas-laravel/vendor/laravel/framework/src/Illuminate/Database/Connection.php(560): Illuminate/Database/Connection->run('create table `u...', Array, Object(Closure))
#4 C:/Users/Usuario/Downloads/citas-medicas-laravel-actualizado/citas-medicas-laravel/vendor/laravel/framework/src/Illuminate/Database/Schema/Blueprint.php(118): Illuminate/Database/Connection->statement('create table `u...')
#5 C:/Users/Usuario/Downloads/citas-medicas-laravel-actualizado/citas-medicas-laravel/vendor/laravel/framework/src/Illuminate/Database/Schema/Builder.php(564): Illuminate/Database/Schema/Blueprint->build(Object(Illuminate/Database/MySqlConnection), Object(Illuminate/Database/Schema/Grammars/MySqlGrammar))
#6 C:/Users/Usuario/Downloads/citas-medicas-laravel-actualizado/citas-medicas-laravel/vendor/laravel/framework/src/Illuminate/Database/Schema/Builder.php(418): Illuminate/Database/Schema/Builder->build(Object(Illuminate/Database/Schema/Blueprint))
#7 C:/Users/Usuario/Downloads/citas-medicas-laravel-actualizado/citas-medicas-laravel/vendor/laravel/framework/src/Illuminate/Support/Facades/Facade.php(361): Illuminate/Database/Schema/Builder->create('users', Object(Closure))
#8 C:/Users/Usuario/Downloads/citas-medicas-laravel-actualizado/citas-medicas-laravel/database/migrations/2024_01_01_000001_create_users_table.php(11): Illuminate/Support/Facades/Facade::__callStatic('create', Array)
#9 C:/Users/Usuario/Downloads/citas-medicas-laravel-actualizado/citas-medicas-laravel/vendor/laravel/framework/src/Illuminate/Database/Migrations/Migrator.php(507): Illuminate/Database/Migrations/Migration@anonymous->up()
#10 C:/Users/Usuario/Downloads/citas-medicas-laravel-actualizado/citas-medicas-laravel/vendor/laravel/framework/src/Illuminate/Database/Migrations/Migrator.php(432): Illuminate/Database/Migrations/Migrator->runMethod(Object(Illuminate/Database/MySqlConnection), Object(Illuminate/Database/Migrations/Migration@anonymous), 'up')
#11 C:/Users/Usuario/Downloads/citas-medicas-laravel-actualizado/citas-medicas-laravel/vendor/laravel/framework/src/Illuminate/Database/Migrations/Migrator.php(441): Illuminate/Database/Migrations/Migrator->{closure:Illuminate/Database/Migrations/Migrator::runMigration():428}()
#12 C:/Users/Usuario/Downloads/citas-medicas-laravel-actualizado/citas-medicas-laravel/vendor/laravel/framework/src/Illuminate/Database/Migrations/Migrator.php(244): Illuminate/Database/Migrations/Migrator->runMigration(Object(Illuminate/Database/Migrations/Migration@anonymous), 'up')
#13 C:/Users/Usuario/Downloads/citas-medicas-laravel-actualizado/citas-medicas-laravel/vendor/laravel/framework/src/Illuminate/Console/View/Components/Task.php(40): Illuminate/Database/Migrations/Migrator->{closure:Illuminate/Database/Migrations/Migrator::runUp():244}()
#14 C:/Users/Usuario/Downloads/citas-medicas-laravel-actualizado/citas-medicas-laravel/vendor/laravel/framework/src/Illuminate/Database/Migrations/Migrator.php(798): Illuminate/Console/View/Components/Task->render('2024_01_01_0000...', Object(Closure))
#15 C:/Users/Usuario/Downloads/citas-medicas-laravel-actualizado/citas-medicas-laravel/vendor/laravel/framework/src/Illuminate/Database/Migrations/Migrator.php(244): Illuminate/Database/Migrations/Migrator->write('Illuminate//Cons...', '2024_01_01_0000...', Object(Closure))
#16 C:/Users/Usuario/Downloads/citas-medicas-laravel-actualizado/citas-medicas-laravel/vendor/laravel/framework/src/Illuminate/Database/Migrations/Migrator.php(211): Illuminate/Database/Migrations/Migrator->runUp('C://Users//Usuari...', 1, false)
#17 C:/Users/Usuario/Downloads/citas-medicas-laravel-actualizado/citas-medicas-laravel/vendor/laravel/framework/src/Illuminate/Database/Migrations/Migrator.php(138): Illuminate/Database/Migrations/Migrator->runPending(Array, Array)
#18 C:/Users/Usuario/Downloads/citas-medicas-laravel-actualizado/citas-medicas-laravel/vendor/laravel/framework/src/Illuminate/Database/Console/Migrations/MigrateCommand.php(117): Illuminate/Database/Migrations/Migrator->run(Array, Array)
#19 C:/Users/Usuario/Downloads/citas-medicas-laravel-actualizado/citas-medicas-laravel/vendor/laravel/framework/src/Illuminate/Database/Migrations/Migrator.php(658): Illuminate/Database/Console/Migrations/MigrateCommand->{closure:Illuminate/Database/Console/Migrations/MigrateCommand::runMigrations():110}()
#20 C:/Users/Usuario/Downloads/citas-medicas-laravel-actualizado/citas-medicas-laravel/vendor/laravel/framework/src/Illuminate/Database/Console/Migrations/MigrateCommand.php(110): Illuminate/Database/Migrations/Migrator->usingConnection(NULL, Object(Closure))
#21 C:/Users/Usuario/Downloads/citas-medicas-laravel-actualizado/citas-medicas-laravel/vendor/laravel/framework/src/Illuminate/Database/Console/Migrations/MigrateCommand.php(89): Illuminate/Database/Console/Migrations/MigrateCommand->runMigrations()
#22 C:/Users/Usuario/Downloads/citas-medicas-laravel-actualizado/citas-medicas-laravel/vendor/laravel/framework/src/Illuminate/Container/BoundMethod.php(36): Illuminate/Database/Console/Migrations/MigrateCommand->handle()
#23 C:/Users/Usuario/Downloads/citas-medicas-laravel-actualizado/citas-medicas-laravel/vendor/laravel/framework/src/Illuminate/Container/Util.php(43): Illuminate/Container/BoundMethod::{closure:Illuminate/Container/BoundMethod::call():35}()
#24 C:/Users/Usuario/Downloads/citas-medicas-laravel-actualizado/citas-medicas-laravel/vendor/laravel/framework/src/Illuminate/Container/BoundMethod.php(95): Illuminate/Container/Util::unwrapIfClosure(Object(Closure))
#25 C:/Users/Usuario/Downloads/citas-medicas-laravel-actualizado/citas-medicas-laravel/vendor/laravel/framework/src/Illuminate/Container/BoundMethod.php(35): Illuminate/Container/BoundMethod::callBoundMethod(Object(Illuminate/Foundation/Application), Array, Object(Closure))
#26 C:/Users/Usuario/Downloads/citas-medicas-laravel-actualizado/citas-medicas-laravel/vendor/laravel/framework/src/Illuminate/Container/Container.php(696): Illuminate/Container/BoundMethod::call(Object(Illuminate/Foundation/Application), Array, Array, NULL)
#27 C:/Users/Usuario/Downloads/citas-medicas-laravel-actualizado/citas-medicas-laravel/vendor/laravel/framework/src/Illuminate/Console/Command.php(213): Illuminate/Container/Container->call(Array)
#28 C:/Users/Usuario/Downloads/citas-medicas-laravel-actualizado/citas-medicas-laravel/vendor/symfony/console/Command/Command.php(341): Illuminate/Console/Command->execute(Object(Symfony/Component/Console/Input/ArgvInput), Object(Illuminate/Console/OutputStyle))
#29 C:/Users/Usuario/Downloads/citas-medicas-laravel-actualizado/citas-medicas-laravel/vendor/laravel/framework/src/Illuminate/Console/Command.php(182): Symfony/Component/Console/Command/Command->run(Object(Symfony/Component/Console/Input/ArgvInput), Object(Illuminate/Console/OutputStyle))
#30 C:/Users/Usuario/Downloads/citas-medicas-laravel-actualizado/citas-medicas-laravel/vendor/symfony/console/Application.php(1117): Illuminate/Console/Command->run(Object(Symfony/Component/Console/Input/ArgvInput), Object(Symfony/Component/Console/Output/ConsoleOutput))
#31 C:/Users/Usuario/Downloads/citas-medicas-laravel-actualizado/citas-medicas-laravel/vendor/symfony/console/Application.php(356): Symfony/Component/Console/Application->doRunCommand(Object(Illuminate/Database/Console/Migrations/MigrateCommand), Object(Symfony/Component/Console/Input/ArgvInput), Object(Symfony/Component/Console/Output/ConsoleOutput))
#32 C:/Users/Usuario/Downloads/citas-medicas-laravel-actualizado/citas-medicas-laravel/vendor/symfony/console/Application.php(195): Symfony/Component/Console/Application->doRun(Object(Symfony/Component/Console/Input/ArgvInput), Object(Symfony/Component/Console/Output/ConsoleOutput))
#33 C:/Users/Usuario/Downloads/citas-medicas-laravel-actualizado/citas-medicas-laravel/vendor/laravel/framework/src/Illuminate/Foundation/Console/Kernel.php(198): Symfony/Component/Console/Application->run(Object(Symfony/Component/Console/Input/ArgvInput), Object(Symfony/Component/Console/Output/ConsoleOutput))
#34 C:/Users/Usuario/Downloads/citas-medicas-laravel-actualizado/citas-medicas-laravel/vendor/laravel/framework/src/Illuminate/Foundation/Application.php(1235): Illuminate/Foundation/Console/Kernel->handle(Object(Symfony/Component/Console/Input/ArgvInput), Object(Symfony/Component/Console/Output/ConsoleOutput))
#35 C:/Users/Usuario/Downloads/citas-medicas-laravel-actualizado/citas-medicas-laravel/artisan(16): Illuminate/Foundation/Application->handleCommand(Object(Symfony/Component/Console/Input/ArgvInput))
#36 {main}
"} 
[2026-07-24 23:14:36] local.ERROR: Excepcion no controlada: SQLSTATE[42S02]: Base table or view not found: 1146 Table 'citas_medicas.password_resets' doesn't exist (Connection: mysql, SQL: insert into `password_resets` (`email`, `codigo`, `expira_en`, `created_at`, `updated_at`) values (anavasquezmisho@gmail.com, 722455, 2026-07-24 23:29:36, 2026-07-24 23:14:36, 2026-07-24 23:14:36)) {"excepcion":"Illuminate\\Database\\QueryException","usuario_id":null,"url":"http://127.0.0.1:8000/password/olvide","metodo":"POST","archivo":"C:\\Users\\Usuario\\Downloads\\citas-medicas-laravel-actualizado\\citas-medicas-laravel\\vendor\\laravel\\framework\\src\\Illuminate\\Database\\Connection.php:825"} 
[2026-07-24 23:14:36] local.ERROR: SQLSTATE[42S02]: Base table or view not found: 1146 Table 'citas_medicas.password_resets' doesn't exist (Connection: mysql, SQL: insert into `password_resets` (`email`, `codigo`, `expira_en`, `created_at`, `updated_at`) values (anavasquezmisho@gmail.com, 722455, 2026-07-24 23:29:36, 2026-07-24 23:14:36, 2026-07-24 23:14:36)) {"exception":"[object] (Illuminate\\Database\\QueryException(code: 42S02): SQLSTATE[42S02]: Base table or view not found: 1146 Table 'citas_medicas.password_resets' doesn't exist (Connection: mysql, SQL: insert into `password_resets` (`email`, `codigo`, `expira_en`, `created_at`, `updated_at`) values (anavasquezmisho@gmail.com, 722455, 2026-07-24 23:29:36, 2026-07-24 23:14:36, 2026-07-24 23:14:36)) at C:/Users/Usuario/Downloads/citas-medicas-laravel-actualizado/citas-medicas-laravel/vendor/laravel/framework/src/Illuminate/Database/Connection.php:825)
[stacktrace]
#0 C:/Users/Usuario/Downloads/citas-medicas-laravel-actualizado/citas-medicas-laravel/vendor/laravel/framework/src/Illuminate/Database/Connection.php(779): Illuminate/Database/Connection->runQueryCallback('insert into `pa...', Array, Object(Closure))
#1 C:/Users/Usuario/Downloads/citas-medicas-laravel-actualizado/citas-medicas-laravel/vendor/laravel/framework/src/Illuminate/Database/MySqlConnection.php(42): Illuminate/Database/Connection->run('insert into `pa...', Array, Object(Closure))
#2 C:/Users/Usuario/Downloads/citas-medicas-laravel-actualizado/citas-medicas-laravel/vendor/laravel/framework/src/Illuminate/Database/Query/Builder.php(3717): Illuminate/Database/MySqlConnection->insert('insert into `pa...', Array)
#3 C:/Users/Usuario/Downloads/citas-medicas-laravel-actualizado/citas-medicas-laravel/app/Http/Controllers/Auth/PasswordResetController.php(52): Illuminate/Database/Query/Builder->insert(Array)
#4 C:/Users/Usuario/Downloads/citas-medicas-laravel-actualizado/citas-medicas-laravel/vendor/laravel/framework/src/Illuminate/Routing/ControllerDispatcher.php(47): App/Http/Controllers/Auth/PasswordResetController->enviarCodigo(Object(Illuminate/Http/Request))
#5 C:/Users/Usuario/Downloads/citas-medicas-laravel-actualizado/citas-medicas-laravel/vendor/laravel/framework/src/Illuminate/Routing/Route.php(266): Illuminate/Routing/ControllerDispatcher->dispatch(Object(Illuminate/Routing/Route), Object(App/Http/Controllers/Auth/PasswordResetController), 'enviarCodigo')
#6 C:/Users/Usuario/Downloads/citas-medicas-laravel-actualizado/citas-medicas-laravel/vendor/laravel/framework/src/Illuminate/Routing/Route.php(212): Illuminate/Routing/Route->runController()
#7 C:/Users/Usuario/Downloads/citas-medicas-laravel-actualizado/citas-medicas-laravel/vendor/laravel/framework/src/Illuminate/Routing/Router.php(808): Illuminate/Routing/Route->run()
#8 C:/Users/Usuario/Downloads/citas-medicas-laravel-actualizado/citas-medicas-laravel/vendor/laravel/framework/src/Illuminate/Pipeline/Pipeline.php(170): Illuminate/Routing/Router->{closure:Illuminate/Routing/Router::runRouteWithinStack():807}(Object(Illuminate/Http/Request))
#9 C:/Users/Usuario/Downloads/citas-medicas-laravel-actualizado/citas-medicas-laravel/vendor/laravel/framework/src/Illuminate/Auth/Middleware/RedirectIfAuthenticated.php(35): Illuminate/Pipeline/Pipeline->{closure:Illuminate/Pipeline/Pipeline::prepareDestination():168}(Object(Illuminate/Http/Request))
#10 C:/Users/Usuario/Downloads/citas-medicas-laravel-actualizado/citas-medicas-laravel/vendor/laravel/framework/src/Illuminate/Pipeline/Pipeline.php(209): Illuminate/Auth/Middleware/RedirectIfAuthenticated->handle(Object(Illuminate/Http/Request), Object(Closure))
#11 C:/Users/Usuario/Downloads/citas-medicas-laravel-actualizado/citas-medicas-laravel/vendor/laravel/framework/src/Illuminate/Routing/Middleware/SubstituteBindings.php(51): Illuminate/Pipeline/Pipeline->{closure:{closure:Illuminate/Pipeline/Pipeline::carry():184}:185}(Object(Illuminate/Http/Request))
#12 C:/Users/Usuario/Downloads/citas-medicas-laravel-actualizado/citas-medicas-laravel/vendor/laravel/framework/src/Illuminate/Pipeline/Pipeline.php(209): Illuminate/Routing/Middleware/SubstituteBindings->handle(Object(Illuminate/Http/Request), Object(Closure))
#13 C:/Users/Usuario/Downloads/citas-medicas-laravel-actualizado/citas-medicas-laravel/vendor/laravel/framework/src/Illuminate/Foundation/Http/Middleware/VerifyCsrfToken.php(88): Illuminate/Pipeline/Pipeline->{closure:{closure:Illuminate/Pipeline/Pipeline::carry():184}:185}(Object(Illuminate/Http/Request))
#14 C:/Users/Usuario/Downloads/citas-medicas-laravel-actualizado/citas-medicas-laravel/vendor/laravel/framework/src/Illuminate/Pipeline/Pipeline.php(209): Illuminate/Foundation/Http/Middleware/VerifyCsrfToken->handle(Object(Illuminate/Http/Request), Object(Closure))
#15 C:/Users/Usuario/Downloads/citas-medicas-laravel-actualizado/citas-medicas-laravel/vendor/laravel/framework/src/Illuminate/View/Middleware/ShareErrorsFromSession.php(49): Illuminate/Pipeline/Pipeline->{closure:{closure:Illuminate/Pipeline/Pipeline::carry():184}:185}(Object(Illuminate/Http/Request))
#16 C:/Users/Usuario/Downloads/citas-medicas-laravel-actualizado/citas-medicas-laravel/vendor/laravel/framework/src/Illuminate/Pipeline/Pipeline.php(209): Illuminate/View/Middleware/ShareErrorsFromSession->handle(Object(Illuminate/Http/Request), Object(Closure))
#17 C:/Users/Usuario/Downloads/citas-medicas-laravel-actualizado/citas-medicas-laravel/vendor/laravel/framework/src/Illuminate/Session/Middleware/StartSession.php(121): Illuminate/Pipeline/Pipeline->{closure:{closure:Illuminate/Pipeline/Pipeline::carry():184}:185}(Object(Illuminate/Http/Request))
#18 C:/Users/Usuario/Downloads/citas-medicas-laravel-actualizado/citas-medicas-laravel/vendor/laravel/framework/src/Illuminate/Session/Middleware/StartSession.php(64): Illuminate/Session/Middleware/StartSession->handleStatefulRequest(Object(Illuminate/Http/Request), Object(Illuminate/Session/Store), Object(Closure))
#19 C:/Users/Usuario/Downloads/citas-medicas-laravel-actualizado/citas-medicas-laravel/vendor/laravel/framework/src/Illuminate/Pipeline/Pipeline.php(209): Illuminate/Session/Middleware/StartSession->handle(Object(Illuminate/Http/Request), Object(Closure))
#20 C:/Users/Usuario/Downloads/citas-medicas-laravel-actualizado/citas-medicas-laravel/vendor/laravel/framework/src/Illuminate/Cookie/Middleware/AddQueuedCookiesToResponse.php(37): Illuminate/Pipeline/Pipeline->{closure:{closure:Illuminate/Pipeline/Pipeline::carry():184}:185}(Object(Illuminate/Http/Request))
#21 C:/Users/Usuario/Downloads/citas-medicas-laravel-actualizado/citas-medicas-laravel/vendor/laravel/framework/src/Illuminate/Pipeline/Pipeline.php(209): Illuminate/Cookie/Middleware/AddQueuedCookiesToResponse->handle(Object(Illuminate/Http/Request), Object(Closure))
#22 C:/Users/Usuario/Downloads/citas-medicas-laravel-actualizado/citas-medicas-laravel/vendor/laravel/framework/src/Illuminate/Cookie/Middleware/EncryptCookies.php(75): Illuminate/Pipeline/Pipeline->{closure:{closure:Illuminate/Pipeline/Pipeline::carry():184}:185}(Object(Illuminate/Http/Request))
#23 C:/Users/Usuario/Downloads/citas-medicas-laravel-actualizado/citas-medicas-laravel/vendor/laravel/framework/src/Illuminate/Pipeline/Pipeline.php(209): Illuminate/Cookie/Middleware/EncryptCookies->handle(Object(Illuminate/Http/Request), Object(Closure))
#24 C:/Users/Usuario/Downloads/citas-medicas-laravel-actualizado/citas-medicas-laravel/vendor/laravel/framework/src/Illuminate/Pipeline/Pipeline.php(127): Illuminate/Pipeline/Pipeline->{closure:{closure:Illuminate/Pipeline/Pipeline::carry():184}:185}(Object(Illuminate/Http/Request))
#25 C:/Users/Usuario/Downloads/citas-medicas-laravel-actualizado/citas-medicas-laravel/vendor/laravel/framework/src/Illuminate/Routing/Router.php(807): Illuminate/Pipeline/Pipeline->then(Object(Closure))
#26 C:/Users/Usuario/Downloads/citas-medicas-laravel-actualizado/citas-medicas-laravel/vendor/laravel/framework/src/Illuminate/Routing/Router.php(786): Illuminate/Routing/Router->runRouteWithinStack(Object(Illuminate/Routing/Route), Object(Illuminate/Http/Request))
#27 C:/Users/Usuario/Downloads/citas-medicas-laravel-actualizado/citas-medicas-laravel/vendor/laravel/framework/src/Illuminate/Routing/Router.php(750): Illuminate/Routing/Router->runRoute(Object(Illuminate/Http/Request), Object(Illuminate/Routing/Route))
#28 C:/Users/Usuario/Downloads/citas-medicas-laravel-actualizado/citas-medicas-laravel/vendor/laravel/framework/src/Illuminate/Routing/Router.php(739): Illuminate/Routing/Router->dispatchToRoute(Object(Illuminate/Http/Request))
#29 C:/Users/Usuario/Downloads/citas-medicas-laravel-actualizado/citas-medicas-laravel/vendor/laravel/framework/src/Illuminate/Foundation/Http/Kernel.php(201): Illuminate/Routing/Router->dispatch(Object(Illuminate/Http/Request))
#30 C:/Users/Usuario/Downloads/citas-medicas-laravel-actualizado/citas-medicas-laravel/vendor/laravel/framework/src/Illuminate/Pipeline/Pipeline.php(170): Illuminate/Foundation/Http/Kernel->{closure:Illuminate/Foundation/Http/Kernel::dispatchToRouter():198}(Object(Illuminate/Http/Request))
#31 C:/Users/Usuario/Downloads/citas-medicas-laravel-actualizado/citas-medicas-laravel/vendor/laravel/framework/src/Illuminate/Foundation/Http/Middleware/TransformsRequest.php(21): Illuminate/Pipeline/Pipeline->{closure:Illuminate/Pipeline/Pipeline::prepareDestination():168}(Object(Illuminate/Http/Request))
#32 C:/Users/Usuario/Downloads/citas-medicas-laravel-actualizado/citas-medicas-laravel/vendor/laravel/framework/src/Illuminate/Foundation/Http/Middleware/ConvertEmptyStringsToNull.php(31): Illuminate/Foundation/Http/Middleware/TransformsRequest->handle(Object(Illuminate/Http/Request), Object(Closure))
#33 C:/Users/Usuario/Downloads/citas-medicas-laravel-actualizado/citas-medicas-laravel/vendor/laravel/framework/src/Illuminate/Pipeline/Pipeline.php(209): Illuminate/Foundation/Http/Middleware/ConvertEmptyStringsToNull->handle(Object(Illuminate/Http/Request), Object(Closure))
#34 C:/Users/Usuario/Downloads/citas-medicas-laravel-actualizado/citas-medicas-laravel/vendor/laravel/framework/src/Illuminate/Foundation/Http/Middleware/TransformsRequest.php(21): Illuminate/Pipeline/Pipeline->{closure:{closure:Illuminate/Pipeline/Pipeline::carry():184}:185}(Object(Illuminate/Http/Request))
#35 C:/Users/Usuario/Downloads/citas-medicas-laravel-actualizado/citas-medicas-laravel/vendor/laravel/framework/src/Illuminate/Foundation/Http/Middleware/TrimStrings.php(51): Illuminate/Foundation/Http/Middleware/TransformsRequest->handle(Object(Illuminate/Http/Request), Object(Closure))
#36 C:/Users/Usuario/Downloads/citas-medicas-laravel-actualizado/citas-medicas-laravel/vendor/laravel/framework/src/Illuminate/Pipeline/Pipeline.php(209): Illuminate/Foundation/Http/Middleware/TrimStrings->handle(Object(Illuminate/Http/Request), Object(Closure))
#37 C:/Users/Usuario/Downloads/citas-medicas-laravel-actualizado/citas-medicas-laravel/vendor/laravel/framework/src/Illuminate/Http/Middleware/ValidatePostSize.php(27): Illuminate/Pipeline/Pipeline->{closure:{closure:Illuminate/Pipeline/Pipeline::carry():184}:185}(Object(Illuminate/Http/Request))
#38 C:/Users/Usuario/Downloads/citas-medicas-laravel-actualizado/citas-medicas-laravel/vendor/laravel/framework/src/Illuminate/Pipeline/Pipeline.php(209): Illuminate/Http/Middleware/ValidatePostSize->handle(Object(Illuminate/Http/Request), Object(Closure))
#39 C:/Users/Usuario/Downloads/citas-medicas-laravel-actualizado/citas-medicas-laravel/vendor/laravel/framework/src/Illuminate/Foundation/Http/Middleware/PreventRequestsDuringMaintenance.php(110): Illuminate/Pipeline/Pipeline->{closure:{closure:Illuminate/Pipeline/Pipeline::carry():184}:185}(Object(Illuminate/Http/Request))
#40 C:/Users/Usuario/Downloads/citas-medicas-laravel-actualizado/citas-medicas-laravel/vendor/laravel/framework/src/Illuminate/Pipeline/Pipeline.php(209): Illuminate/Foundation/Http/Middleware/PreventRequestsDuringMaintenance->handle(Object(Illuminate/Http/Request), Object(Closure))
#41 C:/Users/Usuario/Downloads/citas-medicas-laravel-actualizado/citas-medicas-laravel/vendor/laravel/framework/src/Illuminate/Http/Middleware/HandleCors.php(49): Illuminate/Pipeline/Pipeline->{closure:{closure:Illuminate/Pipeline/Pipeline::carry():184}:185}(Object(Illuminate/Http/Request))
#42 C:/Users/Usuario/Downloads/citas-medicas-laravel-actualizado/citas-medicas-laravel/vendor/laravel/framework/src/Illuminate/Pipeline/Pipeline.php(209): Illuminate/Http/Middleware/HandleCors->handle(Object(Illuminate/Http/Request), Object(Closure))
#43 C:/Users/Usuario/Downloads/citas-medicas-laravel-actualizado/citas-medicas-laravel/vendor/laravel/framework/src/Illuminate/Http/Middleware/TrustProxies.php(58): Illuminate/Pipeline/Pipeline->{closure:{closure:Illuminate/Pipeline/Pipeline::carry():184}:185}(Object(Illuminate/Http/Request))
#44 C:/Users/Usuario/Downloads/citas-medicas-laravel-actualizado/citas-medicas-laravel/vendor/laravel/framework/src/Illuminate/Pipeline/Pipeline.php(209): Illuminate/Http/Middleware/TrustProxies->handle(Object(Illuminate/Http/Request), Object(Closure))
#45 C:/Users/Usuario/Downloads/citas-medicas-laravel-actualizado/citas-medicas-laravel/vendor/laravel/framework/src/Illuminate/Foundation/Http/Middleware/InvokeDeferredCallbacks.php(22): Illuminate/Pipeline/Pipeline->{closure:{closure:Illuminate/Pipeline/Pipeline::carry():184}:185}(Object(Illuminate/Http/Request))
#46 C:/Users/Usuario/Downloads/citas-medicas-laravel-actualizado/citas-medicas-laravel/vendor/laravel/framework/src/Illuminate/Pipeline/Pipeline.php(209): Illuminate/Foundation/Http/Middleware/InvokeDeferredCallbacks->handle(Object(Illuminate/Http/Request), Object(Closure))
#47 C:/Users/Usuario/Downloads/citas-medicas-laravel-actualizado/citas-medicas-laravel/vendor/laravel/framework/src/Illuminate/Pipeline/Pipeline.php(127): Illuminate/Pipeline/Pipeline->{closure:{closure:Illuminate/Pipeline/Pipeline::carry():184}:185}(Object(Illuminate/Http/Request))
#48 C:/Users/Usuario/Downloads/citas-medicas-laravel-actualizado/citas-medicas-laravel/vendor/laravel/framework/src/Illuminate/Foundation/Http/Kernel.php(176): Illuminate/Pipeline/Pipeline->then(Object(Closure))
#49 C:/Users/Usuario/Downloads/citas-medicas-laravel-actualizado/citas-medicas-laravel/vendor/laravel/framework/src/Illuminate/Foundation/Http/Kernel.php(145): Illuminate/Foundation/Http/Kernel->sendRequestThroughRouter(Object(Illuminate/Http/Request))
#50 C:/Users/Usuario/Downloads/citas-medicas-laravel-actualizado/citas-medicas-laravel/vendor/laravel/framework/src/Illuminate/Foundation/Application.php(1220): Illuminate/Foundation/Http/Kernel->handle(Object(Illuminate/Http/Request))
#51 C:/Users/Usuario/Downloads/citas-medicas-laravel-actualizado/citas-medicas-laravel/public/index.php(21): Illuminate/Foundation/Application->handleRequest(Object(Illuminate/Http/Request))
#52 C:/Users/Usuario/Downloads/citas-medicas-laravel-actualizado/citas-medicas-laravel/vendor/laravel/framework/src/Illuminate/Foundation/resources/server.php(23): require_once('C://Users//Usuari...')
#53 {main}

[previous exception] [object] (PDOException(code: 42S02): SQLSTATE[42S02]: Base table or view not found: 1146 Table 'citas_medicas.password_resets' doesn't exist at C:/Users/Usuario/Downloads/citas-medicas-laravel-actualizado/citas-medicas-laravel/vendor/laravel/framework/src/Illuminate/Database/MySqlConnection.php:47)
[stacktrace]
#0 C:/Users/Usuario/Downloads/citas-medicas-laravel-actualizado/citas-medicas-laravel/vendor/laravel/framework/src/Illuminate/Database/MySqlConnection.php(47): PDO->prepare('insert into `pa...')
#1 C:/Users/Usuario/Downloads/citas-medicas-laravel-actualizado/citas-medicas-laravel/vendor/laravel/framework/src/Illuminate/Database/Connection.php(812): Illuminate/Database/MySqlConnection->{closure:Illuminate/Database/MySqlConnection::insert():42}('insert into `pa...', Array)
#2 C:/Users/Usuario/Downloads/citas-medicas-laravel-actualizado/citas-medicas-laravel/vendor/laravel/framework/src/Illuminate/Database/Connection.php(779): Illuminate/Database/Connection->runQueryCallback('insert into `pa...', Array, Object(Closure))
#3 C:/Users/Usuario/Downloads/citas-medicas-laravel-actualizado/citas-medicas-laravel/vendor/laravel/framework/src/Illuminate/Database/MySqlConnection.php(42): Illuminate/Database/Connection->run('insert into `pa...', Array, Object(Closure))
#4 C:/Users/Usuario/Downloads/citas-medicas-laravel-actualizado/citas-medicas-laravel/vendor/laravel/framework/src/Illuminate/Database/Query/Builder.php(3717): Illuminate/Database/MySqlConnection->insert('insert into `pa...', Array)
#5 C:/Users/Usuario/Downloads/citas-medicas-laravel-actualizado/citas-medicas-laravel/app/Http/Controllers/Auth/PasswordResetController.php(52): Illuminate/Database/Query/Builder->insert(Array)
#6 C:/Users/Usuario/Downloads/citas-medicas-laravel-actualizado/citas-medicas-laravel/vendor/laravel/framework/src/Illuminate/Routing/ControllerDispatcher.php(47): App/Http/Controllers/Auth/PasswordResetController->enviarCodigo(Object(Illuminate/Http/Request))
#7 C:/Users/Usuario/Downloads/citas-medicas-laravel-actualizado/citas-medicas-laravel/vendor/laravel/framework/src/Illuminate/Routing/Route.php(266): Illuminate/Routing/ControllerDispatcher->dispatch(Object(Illuminate/Routing/Route), Object(App/Http/Controllers/Auth/PasswordResetController), 'enviarCodigo')
#8 C:/Users/Usuario/Downloads/citas-medicas-laravel-actualizado/citas-medicas-laravel/vendor/laravel/framework/src/Illuminate/Routing/Route.php(212): Illuminate/Routing/Route->runController()
#9 C:/Users/Usuario/Downloads/citas-medicas-laravel-actualizado/citas-medicas-laravel/vendor/laravel/framework/src/Illuminate/Routing/Router.php(808): Illuminate/Routing/Route->run()
#10 C:/Users/Usuario/Downloads/citas-medicas-laravel-actualizado/citas-medicas-laravel/vendor/laravel/framework/src/Illuminate/Pipeline/Pipeline.php(170): Illuminate/Routing/Router->{closure:Illuminate/Routing/Router::runRouteWithinStack():807}(Object(Illuminate/Http/Request))
#11 C:/Users/Usuario/Downloads/citas-medicas-laravel-actualizado/citas-medicas-laravel/vendor/laravel/framework/src/Illuminate/Auth/Middleware/RedirectIfAuthenticated.php(35): Illuminate/Pipeline/Pipeline->{closure:Illuminate/Pipeline/Pipeline::prepareDestination():168}(Object(Illuminate/Http/Request))
#12 C:/Users/Usuario/Downloads/citas-medicas-laravel-actualizado/citas-medicas-laravel/vendor/laravel/framework/src/Illuminate/Pipeline/Pipeline.php(209): Illuminate/Auth/Middleware/RedirectIfAuthenticated->handle(Object(Illuminate/Http/Request), Object(Closure))
#13 C:/Users/Usuario/Downloads/citas-medicas-laravel-actualizado/citas-medicas-laravel/vendor/laravel/framework/src/Illuminate/Routing/Middleware/SubstituteBindings.php(51): Illuminate/Pipeline/Pipeline->{closure:{closure:Illuminate/Pipeline/Pipeline::carry():184}:185}(Object(Illuminate/Http/Request))
#14 C:/Users/Usuario/Downloads/citas-medicas-laravel-actualizado/citas-medicas-laravel/vendor/laravel/framework/src/Illuminate/Pipeline/Pipeline.php(209): Illuminate/Routing/Middleware/SubstituteBindings->handle(Object(Illuminate/Http/Request), Object(Closure))
#15 C:/Users/Usuario/Downloads/citas-medicas-laravel-actualizado/citas-medicas-laravel/vendor/laravel/framework/src/Illuminate/Foundation/Http/Middleware/VerifyCsrfToken.php(88): Illuminate/Pipeline/Pipeline->{closure:{closure:Illuminate/Pipeline/Pipeline::carry():184}:185}(Object(Illuminate/Http/Request))
#16 C:/Users/Usuario/Downloads/citas-medicas-laravel-actualizado/citas-medicas-laravel/vendor/laravel/framework/src/Illuminate/Pipeline/Pipeline.php(209): Illuminate/Foundation/Http/Middleware/VerifyCsrfToken->handle(Object(Illuminate/Http/Request), Object(Closure))
#17 C:/Users/Usuario/Downloads/citas-medicas-laravel-actualizado/citas-medicas-laravel/vendor/laravel/framework/src/Illuminate/View/Middleware/ShareErrorsFromSession.php(49): Illuminate/Pipeline/Pipeline->{closure:{closure:Illuminate/Pipeline/Pipeline::carry():184}:185}(Object(Illuminate/Http/Request))
#18 C:/Users/Usuario/Downloads/citas-medicas-laravel-actualizado/citas-medicas-laravel/vendor/laravel/framework/src/Illuminate/Pipeline/Pipeline.php(209): Illuminate/View/Middleware/ShareErrorsFromSession->handle(Object(Illuminate/Http/Request), Object(Closure))
#19 C:/Users/Usuario/Downloads/citas-medicas-laravel-actualizado/citas-medicas-laravel/vendor/laravel/framework/src/Illuminate/Session/Middleware/StartSession.php(121): Illuminate/Pipeline/Pipeline->{closure:{closure:Illuminate/Pipeline/Pipeline::carry():184}:185}(Object(Illuminate/Http/Request))
#20 C:/Users/Usuario/Downloads/citas-medicas-laravel-actualizado/citas-medicas-laravel/vendor/laravel/framework/src/Illuminate/Session/Middleware/StartSession.php(64): Illuminate/Session/Middleware/StartSession->handleStatefulRequest(Object(Illuminate/Http/Request), Object(Illuminate/Session/Store), Object(Closure))
#21 C:/Users/Usuario/Downloads/citas-medicas-laravel-actualizado/citas-medicas-laravel/vendor/laravel/framework/src/Illuminate/Pipeline/Pipeline.php(209): Illuminate/Session/Middleware/StartSession->handle(Object(Illuminate/Http/Request), Object(Closure))
#22 C:/Users/Usuario/Downloads/citas-medicas-laravel-actualizado/citas-medicas-laravel/vendor/laravel/framework/src/Illuminate/Cookie/Middleware/AddQueuedCookiesToResponse.php(37): Illuminate/Pipeline/Pipeline->{closure:{closure:Illuminate/Pipeline/Pipeline::carry():184}:185}(Object(Illuminate/Http/Request))
#23 C:/Users/Usuario/Downloads/citas-medicas-laravel-actualizado/citas-medicas-laravel/vendor/laravel/framework/src/Illuminate/Pipeline/Pipeline.php(209): Illuminate/Cookie/Middleware/AddQueuedCookiesToResponse->handle(Object(Illuminate/Http/Request), Object(Closure))
#24 C:/Users/Usuario/Downloads/citas-medicas-laravel-actualizado/citas-medicas-laravel/vendor/laravel/framework/src/Illuminate/Cookie/Middleware/EncryptCookies.php(75): Illuminate/Pipeline/Pipeline->{closure:{closure:Illuminate/Pipeline/Pipeline::carry():184}:185}(Object(Illuminate/Http/Request))
#25 C:/Users/Usuario/Downloads/citas-medicas-laravel-actualizado/citas-medicas-laravel/vendor/laravel/framework/src/Illuminate/Pipeline/Pipeline.php(209): Illuminate/Cookie/Middleware/EncryptCookies->handle(Object(Illuminate/Http/Request), Object(Closure))
#26 C:/Users/Usuario/Downloads/citas-medicas-laravel-actualizado/citas-medicas-laravel/vendor/laravel/framework/src/Illuminate/Pipeline/Pipeline.php(127): Illuminate/Pipeline/Pipeline->{closure:{closure:Illuminate/Pipeline/Pipeline::carry():184}:185}(Object(Illuminate/Http/Request))
#27 C:/Users/Usuario/Downloads/citas-medicas-laravel-actualizado/citas-medicas-laravel/vendor/laravel/framework/src/Illuminate/Routing/Router.php(807): Illuminate/Pipeline/Pipeline->then(Object(Closure))
#28 C:/Users/Usuario/Downloads/citas-medicas-laravel-actualizado/citas-medicas-laravel/vendor/laravel/framework/src/Illuminate/Routing/Router.php(786): Illuminate/Routing/Router->runRouteWithinStack(Object(Illuminate/Routing/Route), Object(Illuminate/Http/Request))
#29 C:/Users/Usuario/Downloads/citas-medicas-laravel-actualizado/citas-medicas-laravel/vendor/laravel/framework/src/Illuminate/Routing/Router.php(750): Illuminate/Routing/Router->runRoute(Object(Illuminate/Http/Request), Object(Illuminate/Routing/Route))
#30 C:/Users/Usuario/Downloads/citas-medicas-laravel-actualizado/citas-medicas-laravel/vendor/laravel/framework/src/Illuminate/Routing/Router.php(739): Illuminate/Routing/Router->dispatchToRoute(Object(Illuminate/Http/Request))
#31 C:/Users/Usuario/Downloads/citas-medicas-laravel-actualizado/citas-medicas-laravel/vendor/laravel/framework/src/Illuminate/Foundation/Http/Kernel.php(201): Illuminate/Routing/Router->dispatch(Object(Illuminate/Http/Request))
#32 C:/Users/Usuario/Downloads/citas-medicas-laravel-actualizado/citas-medicas-laravel/vendor/laravel/framework/src/Illuminate/Pipeline/Pipeline.php(170): Illuminate/Foundation/Http/Kernel->{closure:Illuminate/Foundation/Http/Kernel::dispatchToRouter():198}(Object(Illuminate/Http/Request))
#33 C:/Users/Usuario/Downloads/citas-medicas-laravel-actualizado/citas-medicas-laravel/vendor/laravel/framework/src/Illuminate/Foundation/Http/Middleware/TransformsRequest.php(21): Illuminate/Pipeline/Pipeline->{closure:Illuminate/Pipeline/Pipeline::prepareDestination():168}(Object(Illuminate/Http/Request))
#34 C:/Users/Usuario/Downloads/citas-medicas-laravel-actualizado/citas-medicas-laravel/vendor/laravel/framework/src/Illuminate/Foundation/Http/Middleware/ConvertEmptyStringsToNull.php(31): Illuminate/Foundation/Http/Middleware/TransformsRequest->handle(Object(Illuminate/Http/Request), Object(Closure))
#35 C:/Users/Usuario/Downloads/citas-medicas-laravel-actualizado/citas-medicas-laravel/vendor/laravel/framework/src/Illuminate/Pipeline/Pipeline.php(209): Illuminate/Foundation/Http/Middleware/ConvertEmptyStringsToNull->handle(Object(Illuminate/Http/Request), Object(Closure))
#36 C:/Users/Usuario/Downloads/citas-medicas-laravel-actualizado/citas-medicas-laravel/vendor/laravel/framework/src/Illuminate/Foundation/Http/Middleware/TransformsRequest.php(21): Illuminate/Pipeline/Pipeline->{closure:{closure:Illuminate/Pipeline/Pipeline::carry():184}:185}(Object(Illuminate/Http/Request))
#37 C:/Users/Usuario/Downloads/citas-medicas-laravel-actualizado/citas-medicas-laravel/vendor/laravel/framework/src/Illuminate/Foundation/Http/Middleware/TrimStrings.php(51): Illuminate/Foundation/Http/Middleware/TransformsRequest->handle(Object(Illuminate/Http/Request), Object(Closure))
#38 C:/Users/Usuario/Downloads/citas-medicas-laravel-actualizado/citas-medicas-laravel/vendor/laravel/framework/src/Illuminate/Pipeline/Pipeline.php(209): Illuminate/Foundation/Http/Middleware/TrimStrings->handle(Object(Illuminate/Http/Request), Object(Closure))
#39 C:/Users/Usuario/Downloads/citas-medicas-laravel-actualizado/citas-medicas-laravel/vendor/laravel/framework/src/Illuminate/Http/Middleware/ValidatePostSize.php(27): Illuminate/Pipeline/Pipeline->{closure:{closure:Illuminate/Pipeline/Pipeline::carry():184}:185}(Object(Illuminate/Http/Request))
#40 C:/Users/Usuario/Downloads/citas-medicas-laravel-actualizado/citas-medicas-laravel/vendor/laravel/framework/src/Illuminate/Pipeline/Pipeline.php(209): Illuminate/Http/Middleware/ValidatePostSize->handle(Object(Illuminate/Http/Request), Object(Closure))
#41 C:/Users/Usuario/Downloads/citas-medicas-laravel-actualizado/citas-medicas-laravel/vendor/laravel/framework/src/Illuminate/Foundation/Http/Middleware/PreventRequestsDuringMaintenance.php(110): Illuminate/Pipeline/Pipeline->{closure:{closure:Illuminate/Pipeline/Pipeline::carry():184}:185}(Object(Illuminate/Http/Request))
#42 C:/Users/Usuario/Downloads/citas-medicas-laravel-actualizado/citas-medicas-laravel/vendor/laravel/framework/src/Illuminate/Pipeline/Pipeline.php(209): Illuminate/Foundation/Http/Middleware/PreventRequestsDuringMaintenance->handle(Object(Illuminate/Http/Request), Object(Closure))
#43 C:/Users/Usuario/Downloads/citas-medicas-laravel-actualizado/citas-medicas-laravel/vendor/laravel/framework/src/Illuminate/Http/Middleware/HandleCors.php(49): Illuminate/Pipeline/Pipeline->{closure:{closure:Illuminate/Pipeline/Pipeline::carry():184}:185}(Object(Illuminate/Http/Request))
#44 C:/Users/Usuario/Downloads/citas-medicas-laravel-actualizado/citas-medicas-laravel/vendor/laravel/framework/src/Illuminate/Pipeline/Pipeline.php(209): Illuminate/Http/Middleware/HandleCors->handle(Object(Illuminate/Http/Request), Object(Closure))
#45 C:/Users/Usuario/Downloads/citas-medicas-laravel-actualizado/citas-medicas-laravel/vendor/laravel/framework/src/Illuminate/Http/Middleware/TrustProxies.php(58): Illuminate/Pipeline/Pipeline->{closure:{closure:Illuminate/Pipeline/Pipeline::carry():184}:185}(Object(Illuminate/Http/Request))
#46 C:/Users/Usuario/Downloads/citas-medicas-laravel-actualizado/citas-medicas-laravel/vendor/laravel/framework/src/Illuminate/Pipeline/Pipeline.php(209): Illuminate/Http/Middleware/TrustProxies->handle(Object(Illuminate/Http/Request), Object(Closure))
#47 C:/Users/Usuario/Downloads/citas-medicas-laravel-actualizado/citas-medicas-laravel/vendor/laravel/framework/src/Illuminate/Foundation/Http/Middleware/InvokeDeferredCallbacks.php(22): Illuminate/Pipeline/Pipeline->{closure:{closure:Illuminate/Pipeline/Pipeline::carry():184}:185}(Object(Illuminate/Http/Request))
#48 C:/Users/Usuario/Downloads/citas-medicas-laravel-actualizado/citas-medicas-laravel/vendor/laravel/framework/src/Illuminate/Pipeline/Pipeline.php(209): Illuminate/Foundation/Http/Middleware/InvokeDeferredCallbacks->handle(Object(Illuminate/Http/Request), Object(Closure))
#49 C:/Users/Usuario/Downloads/citas-medicas-laravel-actualizado/citas-medicas-laravel/vendor/laravel/framework/src/Illuminate/Pipeline/Pipeline.php(127): Illuminate/Pipeline/Pipeline->{closure:{closure:Illuminate/Pipeline/Pipeline::carry():184}:185}(Object(Illuminate/Http/Request))
#50 C:/Users/Usuario/Downloads/citas-medicas-laravel-actualizado/citas-medicas-laravel/vendor/laravel/framework/src/Illuminate/Foundation/Http/Kernel.php(176): Illuminate/Pipeline/Pipeline->then(Object(Closure))
#51 C:/Users/Usuario/Downloads/citas-medicas-laravel-actualizado/citas-medicas-laravel/vendor/laravel/framework/src/Illuminate/Foundation/Http/Kernel.php(145): Illuminate/Foundation/Http/Kernel->sendRequestThroughRouter(Object(Illuminate/Http/Request))
#52 C:/Users/Usuario/Downloads/citas-medicas-laravel-actualizado/citas-medicas-laravel/vendor/laravel/framework/src/Illuminate/Foundation/Application.php(1220): Illuminate/Foundation/Http/Kernel->handle(Object(Illuminate/Http/Request))
#53 C:/Users/Usuario/Downloads/citas-medicas-laravel-actualizado/citas-medicas-laravel/public/index.php(21): Illuminate/Foundation/Application->handleRequest(Object(Illuminate/Http/Request))
#54 C:/Users/Usuario/Downloads/citas-medicas-laravel-actualizado/citas-medicas-laravel/vendor/laravel/framework/src/Illuminate/Foundation/resources/server.php(23): require_once('C://Users//Usuari...')
#55 {main}
"} 
[2026-07-24 23:36:18] local.ERROR: Excepcion no controlada: SQLSTATE[42S01]: Base table or view already exists: 1050 Table 'users' already exists (Connection: mysql, SQL: create table `users` (`id` bigint unsigned not null auto_increment primary key, `name` varchar(255) not null, `email` varchar(255) not null, `email_verified_at` timestamp null, `password` varchar(255) not null, `rol` enum('admin', 'recepcionista', 'doctor', 'paciente') not null default 'paciente' comment 'Rol del usuario dentro del sistema', `remember_token` varchar(100) null, `created_at` timestamp null, `updated_at` timestamp null) default character set utf8mb4 collate 'utf8mb4_unicode_ci' engine = InnoDB) {"excepcion":"Illuminate\\Database\\QueryException","usuario_id":null,"url":"http://localhost","metodo":"GET","archivo":"C:\\Users\\Usuario\\Downloads\\citas-medicas-laravel-actualizado\\citas-medicas-laravel\\vendor\\laravel\\framework\\src\\Illuminate\\Database\\Connection.php:825"} 
[2026-07-24 23:36:18] local.ERROR: SQLSTATE[42S01]: Base table or view already exists: 1050 Table 'users' already exists (Connection: mysql, SQL: create table `users` (`id` bigint unsigned not null auto_increment primary key, `name` varchar(255) not null, `email` varchar(255) not null, `email_verified_at` timestamp null, `password` varchar(255) not null, `rol` enum('admin', 'recepcionista', 'doctor', 'paciente') not null default 'paciente' comment 'Rol del usuario dentro del sistema', `remember_token` varchar(100) null, `created_at` timestamp null, `updated_at` timestamp null) default character set utf8mb4 collate 'utf8mb4_unicode_ci' engine = InnoDB) {"exception":"[object] (Illuminate\\Database\\QueryException(code: 42S01): SQLSTATE[42S01]: Base table or view already exists: 1050 Table 'users' already exists (Connection: mysql, SQL: create table `users` (`id` bigint unsigned not null auto_increment primary key, `name` varchar(255) not null, `email` varchar(255) not null, `email_verified_at` timestamp null, `password` varchar(255) not null, `rol` enum('admin', 'recepcionista', 'doctor', 'paciente') not null default 'paciente' comment 'Rol del usuario dentro del sistema', `remember_token` varchar(100) null, `created_at` timestamp null, `updated_at` timestamp null) default character set utf8mb4 collate 'utf8mb4_unicode_ci' engine = InnoDB) at C:/Users/Usuario/Downloads/citas-medicas-laravel-actualizado/citas-medicas-laravel/vendor/laravel/framework/src/Illuminate/Database/Connection.php:825)
[stacktrace]
#0 C:/Users/Usuario/Downloads/citas-medicas-laravel-actualizado/citas-medicas-laravel/vendor/laravel/framework/src/Illuminate/Database/Connection.php(779): Illuminate/Database/Connection->runQueryCallback('create table `u...', Array, Object(Closure))
#1 C:/Users/Usuario/Downloads/citas-medicas-laravel-actualizado/citas-medicas-laravel/vendor/laravel/framework/src/Illuminate/Database/Connection.php(560): Illuminate/Database/Connection->run('create table `u...', Array, Object(Closure))
#2 C:/Users/Usuario/Downloads/citas-medicas-laravel-actualizado/citas-medicas-laravel/vendor/laravel/framework/src/Illuminate/Database/Schema/Blueprint.php(118): Illuminate/Database/Connection->statement('create table `u...')
#3 C:/Users/Usuario/Downloads/citas-medicas-laravel-actualizado/citas-medicas-laravel/vendor/laravel/framework/src/Illuminate/Database/Schema/Builder.php(564): Illuminate/Database/Schema/Blueprint->build(Object(Illuminate/Database/MySqlConnection), Object(Illuminate/Database/Schema/Grammars/MySqlGrammar))
#4 C:/Users/Usuario/Downloads/citas-medicas-laravel-actualizado/citas-medicas-laravel/vendor/laravel/framework/src/Illuminate/Database/Schema/Builder.php(418): Illuminate/Database/Schema/Builder->build(Object(Illuminate/Database/Schema/Blueprint))
#5 C:/Users/Usuario/Downloads/citas-medicas-laravel-actualizado/citas-medicas-laravel/vendor/laravel/framework/src/Illuminate/Support/Facades/Facade.php(361): Illuminate/Database/Schema/Builder->create('users', Object(Closure))
#6 C:/Users/Usuario/Downloads/citas-medicas-laravel-actualizado/citas-medicas-laravel/database/migrations/2024_01_01_000001_create_users_table.php(11): Illuminate/Support/Facades/Facade::__callStatic('create', Array)
#7 C:/Users/Usuario/Downloads/citas-medicas-laravel-actualizado/citas-medicas-laravel/vendor/laravel/framework/src/Illuminate/Database/Migrations/Migrator.php(507): Illuminate/Database/Migrations/Migration@anonymous->up()
#8 C:/Users/Usuario/Downloads/citas-medicas-laravel-actualizado/citas-medicas-laravel/vendor/laravel/framework/src/Illuminate/Database/Migrations/Migrator.php(432): Illuminate/Database/Migrations/Migrator->runMethod(Object(Illuminate/Database/MySqlConnection), Object(Illuminate/Database/Migrations/Migration@anonymous), 'up')
#9 C:/Users/Usuario/Downloads/citas-medicas-laravel-actualizado/citas-medicas-laravel/vendor/laravel/framework/src/Illuminate/Database/Migrations/Migrator.php(441): Illuminate/Database/Migrations/Migrator->{closure:Illuminate/Database/Migrations/Migrator::runMigration():428}()
#10 C:/Users/Usuario/Downloads/citas-medicas-laravel-actualizado/citas-medicas-laravel/vendor/laravel/framework/src/Illuminate/Database/Migrations/Migrator.php(244): Illuminate/Database/Migrations/Migrator->runMigration(Object(Illuminate/Database/Migrations/Migration@anonymous), 'up')
#11 C:/Users/Usuario/Downloads/citas-medicas-laravel-actualizado/citas-medicas-laravel/vendor/laravel/framework/src/Illuminate/Console/View/Components/Task.php(40): Illuminate/Database/Migrations/Migrator->{closure:Illuminate/Database/Migrations/Migrator::runUp():244}()
#12 C:/Users/Usuario/Downloads/citas-medicas-laravel-actualizado/citas-medicas-laravel/vendor/laravel/framework/src/Illuminate/Database/Migrations/Migrator.php(798): Illuminate/Console/View/Components/Task->render('2024_01_01_0000...', Object(Closure))
#13 C:/Users/Usuario/Downloads/citas-medicas-laravel-actualizado/citas-medicas-laravel/vendor/laravel/framework/src/Illuminate/Database/Migrations/Migrator.php(244): Illuminate/Database/Migrations/Migrator->write('Illuminate//Cons...', '2024_01_01_0000...', Object(Closure))
#14 C:/Users/Usuario/Downloads/citas-medicas-laravel-actualizado/citas-medicas-laravel/vendor/laravel/framework/src/Illuminate/Database/Migrations/Migrator.php(211): Illuminate/Database/Migrations/Migrator->runUp('C://Users//Usuari...', 1, false)
#15 C:/Users/Usuario/Downloads/citas-medicas-laravel-actualizado/citas-medicas-laravel/vendor/laravel/framework/src/Illuminate/Database/Migrations/Migrator.php(138): Illuminate/Database/Migrations/Migrator->runPending(Array, Array)
#16 C:/Users/Usuario/Downloads/citas-medicas-laravel-actualizado/citas-medicas-laravel/vendor/laravel/framework/src/Illuminate/Database/Console/Migrations/MigrateCommand.php(117): Illuminate/Database/Migrations/Migrator->run(Array, Array)
#17 C:/Users/Usuario/Downloads/citas-medicas-laravel-actualizado/citas-medicas-laravel/vendor/laravel/framework/src/Illuminate/Database/Migrations/Migrator.php(658): Illuminate/Database/Console/Migrations/MigrateCommand->{closure:Illuminate/Database/Console/Migrations/MigrateCommand::runMigrations():110}()
#18 C:/Users/Usuario/Downloads/citas-medicas-laravel-actualizado/citas-medicas-laravel/vendor/laravel/framework/src/Illuminate/Database/Console/Migrations/MigrateCommand.php(110): Illuminate/Database/Migrations/Migrator->usingConnection(NULL, Object(Closure))
#19 C:/Users/Usuario/Downloads/citas-medicas-laravel-actualizado/citas-medicas-laravel/vendor/laravel/framework/src/Illuminate/Database/Console/Migrations/MigrateCommand.php(89): Illuminate/Database/Console/Migrations/MigrateCommand->runMigrations()
#20 C:/Users/Usuario/Downloads/citas-medicas-laravel-actualizado/citas-medicas-laravel/vendor/laravel/framework/src/Illuminate/Container/BoundMethod.php(36): Illuminate/Database/Console/Migrations/MigrateCommand->handle()
#21 C:/Users/Usuario/Downloads/citas-medicas-laravel-actualizado/citas-medicas-laravel/vendor/laravel/framework/src/Illuminate/Container/Util.php(43): Illuminate/Container/BoundMethod::{closure:Illuminate/Container/BoundMethod::call():35}()
#22 C:/Users/Usuario/Downloads/citas-medicas-laravel-actualizado/citas-medicas-laravel/vendor/laravel/framework/src/Illuminate/Container/BoundMethod.php(95): Illuminate/Container/Util::unwrapIfClosure(Object(Closure))
#23 C:/Users/Usuario/Downloads/citas-medicas-laravel-actualizado/citas-medicas-laravel/vendor/laravel/framework/src/Illuminate/Container/BoundMethod.php(35): Illuminate/Container/BoundMethod::callBoundMethod(Object(Illuminate/Foundation/Application), Array, Object(Closure))
#24 C:/Users/Usuario/Downloads/citas-medicas-laravel-actualizado/citas-medicas-laravel/vendor/laravel/framework/src/Illuminate/Container/Container.php(696): Illuminate/Container/BoundMethod::call(Object(Illuminate/Foundation/Application), Array, Array, NULL)
#25 C:/Users/Usuario/Downloads/citas-medicas-laravel-actualizado/citas-medicas-laravel/vendor/laravel/framework/src/Illuminate/Console/Command.php(213): Illuminate/Container/Container->call(Array)
#26 C:/Users/Usuario/Downloads/citas-medicas-laravel-actualizado/citas-medicas-laravel/vendor/symfony/console/Command/Command.php(341): Illuminate/Console/Command->execute(Object(Symfony/Component/Console/Input/ArgvInput), Object(Illuminate/Console/OutputStyle))
#27 C:/Users/Usuario/Downloads/citas-medicas-laravel-actualizado/citas-medicas-laravel/vendor/laravel/framework/src/Illuminate/Console/Command.php(182): Symfony/Component/Console/Command/Command->run(Object(Symfony/Component/Console/Input/ArgvInput), Object(Illuminate/Console/OutputStyle))
#28 C:/Users/Usuario/Downloads/citas-medicas-laravel-actualizado/citas-medicas-laravel/vendor/symfony/console/Application.php(1117): Illuminate/Console/Command->run(Object(Symfony/Component/Console/Input/ArgvInput), Object(Symfony/Component/Console/Output/ConsoleOutput))
#29 C:/Users/Usuario/Downloads/citas-medicas-laravel-actualizado/citas-medicas-laravel/vendor/symfony/console/Application.php(356): Symfony/Component/Console/Application->doRunCommand(Object(Illuminate/Database/Console/Migrations/MigrateCommand), Object(Symfony/Component/Console/Input/ArgvInput), Object(Symfony/Component/Console/Output/ConsoleOutput))
#30 C:/Users/Usuario/Downloads/citas-medicas-laravel-actualizado/citas-medicas-laravel/vendor/symfony/console/Application.php(195): Symfony/Component/Console/Application->doRun(Object(Symfony/Component/Console/Input/ArgvInput), Object(Symfony/Component/Console/Output/ConsoleOutput))
#31 C:/Users/Usuario/Downloads/citas-medicas-laravel-actualizado/citas-medicas-laravel/vendor/laravel/framework/src/Illuminate/Foundation/Console/Kernel.php(198): Symfony/Component/Console/Application->run(Object(Symfony/Component/Console/Input/ArgvInput), Object(Symfony/Component/Console/Output/ConsoleOutput))
#32 C:/Users/Usuario/Downloads/citas-medicas-laravel-actualizado/citas-medicas-laravel/vendor/laravel/framework/src/Illuminate/Foundation/Application.php(1235): Illuminate/Foundation/Console/Kernel->handle(Object(Symfony/Component/Console/Input/ArgvInput), Object(Symfony/Component/Console/Output/ConsoleOutput))
#33 C:/Users/Usuario/Downloads/citas-medicas-laravel-actualizado/citas-medicas-laravel/artisan(16): Illuminate/Foundation/Application->handleCommand(Object(Symfony/Component/Console/Input/ArgvInput))
#34 {main}

[previous exception] [object] (PDOException(code: 42S01): SQLSTATE[42S01]: Base table or view already exists: 1050 Table 'users' already exists at C:/Users/Usuario/Downloads/citas-medicas-laravel-actualizado/citas-medicas-laravel/vendor/laravel/framework/src/Illuminate/Database/Connection.php:571)
[stacktrace]
#0 C:/Users/Usuario/Downloads/citas-medicas-laravel-actualizado/citas-medicas-laravel/vendor/laravel/framework/src/Illuminate/Database/Connection.php(571): PDOStatement->execute()
#1 C:/Users/Usuario/Downloads/citas-medicas-laravel-actualizado/citas-medicas-laravel/vendor/laravel/framework/src/Illuminate/Database/Connection.php(812): Illuminate/Database/Connection->{closure:Illuminate/Database/Connection::statement():560}('create table `u...', Array)
#2 C:/Users/Usuario/Downloads/citas-medicas-laravel-actualizado/citas-medicas-laravel/vendor/laravel/framework/src/Illuminate/Database/Connection.php(779): Illuminate/Database/Connection->runQueryCallback('create table `u...', Array, Object(Closure))
#3 C:/Users/Usuario/Downloads/citas-medicas-laravel-actualizado/citas-medicas-laravel/vendor/laravel/framework/src/Illuminate/Database/Connection.php(560): Illuminate/Database/Connection->run('create table `u...', Array, Object(Closure))
#4 C:/Users/Usuario/Downloads/citas-medicas-laravel-actualizado/citas-medicas-laravel/vendor/laravel/framework/src/Illuminate/Database/Schema/Blueprint.php(118): Illuminate/Database/Connection->statement('create table `u...')
#5 C:/Users/Usuario/Downloads/citas-medicas-laravel-actualizado/citas-medicas-laravel/vendor/laravel/framework/src/Illuminate/Database/Schema/Builder.php(564): Illuminate/Database/Schema/Blueprint->build(Object(Illuminate/Database/MySqlConnection), Object(Illuminate/Database/Schema/Grammars/MySqlGrammar))
#6 C:/Users/Usuario/Downloads/citas-medicas-laravel-actualizado/citas-medicas-laravel/vendor/laravel/framework/src/Illuminate/Database/Schema/Builder.php(418): Illuminate/Database/Schema/Builder->build(Object(Illuminate/Database/Schema/Blueprint))
#7 C:/Users/Usuario/Downloads/citas-medicas-laravel-actualizado/citas-medicas-laravel/vendor/laravel/framework/src/Illuminate/Support/Facades/Facade.php(361): Illuminate/Database/Schema/Builder->create('users', Object(Closure))
#8 C:/Users/Usuario/Downloads/citas-medicas-laravel-actualizado/citas-medicas-laravel/database/migrations/2024_01_01_000001_create_users_table.php(11): Illuminate/Support/Facades/Facade::__callStatic('create', Array)
#9 C:/Users/Usuario/Downloads/citas-medicas-laravel-actualizado/citas-medicas-laravel/vendor/laravel/framework/src/Illuminate/Database/Migrations/Migrator.php(507): Illuminate/Database/Migrations/Migration@anonymous->up()
#10 C:/Users/Usuario/Downloads/citas-medicas-laravel-actualizado/citas-medicas-laravel/vendor/laravel/framework/src/Illuminate/Database/Migrations/Migrator.php(432): Illuminate/Database/Migrations/Migrator->runMethod(Object(Illuminate/Database/MySqlConnection), Object(Illuminate/Database/Migrations/Migration@anonymous), 'up')
#11 C:/Users/Usuario/Downloads/citas-medicas-laravel-actualizado/citas-medicas-laravel/vendor/laravel/framework/src/Illuminate/Database/Migrations/Migrator.php(441): Illuminate/Database/Migrations/Migrator->{closure:Illuminate/Database/Migrations/Migrator::runMigration():428}()
#12 C:/Users/Usuario/Downloads/citas-medicas-laravel-actualizado/citas-medicas-laravel/vendor/laravel/framework/src/Illuminate/Database/Migrations/Migrator.php(244): Illuminate/Database/Migrations/Migrator->runMigration(Object(Illuminate/Database/Migrations/Migration@anonymous), 'up')
#13 C:/Users/Usuario/Downloads/citas-medicas-laravel-actualizado/citas-medicas-laravel/vendor/laravel/framework/src/Illuminate/Console/View/Components/Task.php(40): Illuminate/Database/Migrations/Migrator->{closure:Illuminate/Database/Migrations/Migrator::runUp():244}()
#14 C:/Users/Usuario/Downloads/citas-medicas-laravel-actualizado/citas-medicas-laravel/vendor/laravel/framework/src/Illuminate/Database/Migrations/Migrator.php(798): Illuminate/Console/View/Components/Task->render('2024_01_01_0000...', Object(Closure))
#15 C:/Users/Usuario/Downloads/citas-medicas-laravel-actualizado/citas-medicas-laravel/vendor/laravel/framework/src/Illuminate/Database/Migrations/Migrator.php(244): Illuminate/Database/Migrations/Migrator->write('Illuminate//Cons...', '2024_01_01_0000...', Object(Closure))
#16 C:/Users/Usuario/Downloads/citas-medicas-laravel-actualizado/citas-medicas-laravel/vendor/laravel/framework/src/Illuminate/Database/Migrations/Migrator.php(211): Illuminate/Database/Migrations/Migrator->runUp('C://Users//Usuari...', 1, false)
#17 C:/Users/Usuario/Downloads/citas-medicas-laravel-actualizado/citas-medicas-laravel/vendor/laravel/framework/src/Illuminate/Database/Migrations/Migrator.php(138): Illuminate/Database/Migrations/Migrator->runPending(Array, Array)
#18 C:/Users/Usuario/Downloads/citas-medicas-laravel-actualizado/citas-medicas-laravel/vendor/laravel/framework/src/Illuminate/Database/Console/Migrations/MigrateCommand.php(117): Illuminate/Database/Migrations/Migrator->run(Array, Array)
#19 C:/Users/Usuario/Downloads/citas-medicas-laravel-actualizado/citas-medicas-laravel/vendor/laravel/framework/src/Illuminate/Database/Migrations/Migrator.php(658): Illuminate/Database/Console/Migrations/MigrateCommand->{closure:Illuminate/Database/Console/Migrations/MigrateCommand::runMigrations():110}()
#20 C:/Users/Usuario/Downloads/citas-medicas-laravel-actualizado/citas-medicas-laravel/vendor/laravel/framework/src/Illuminate/Database/Console/Migrations/MigrateCommand.php(110): Illuminate/Database/Migrations/Migrator->usingConnection(NULL, Object(Closure))
#21 C:/Users/Usuario/Downloads/citas-medicas-laravel-actualizado/citas-medicas-laravel/vendor/laravel/framework/src/Illuminate/Database/Console/Migrations/MigrateCommand.php(89): Illuminate/Database/Console/Migrations/MigrateCommand->runMigrations()
#22 C:/Users/Usuario/Downloads/citas-medicas-laravel-actualizado/citas-medicas-laravel/vendor/laravel/framework/src/Illuminate/Container/BoundMethod.php(36): Illuminate/Database/Console/Migrations/MigrateCommand->handle()
#23 C:/Users/Usuario/Downloads/citas-medicas-laravel-actualizado/citas-medicas-laravel/vendor/laravel/framework/src/Illuminate/Container/Util.php(43): Illuminate/Container/BoundMethod::{closure:Illuminate/Container/BoundMethod::call():35}()
#24 C:/Users/Usuario/Downloads/citas-medicas-laravel-actualizado/citas-medicas-laravel/vendor/laravel/framework/src/Illuminate/Container/BoundMethod.php(95): Illuminate/Container/Util::unwrapIfClosure(Object(Closure))
#25 C:/Users/Usuario/Downloads/citas-medicas-laravel-actualizado/citas-medicas-laravel/vendor/laravel/framework/src/Illuminate/Container/BoundMethod.php(35): Illuminate/Container/BoundMethod::callBoundMethod(Object(Illuminate/Foundation/Application), Array, Object(Closure))
#26 C:/Users/Usuario/Downloads/citas-medicas-laravel-actualizado/citas-medicas-laravel/vendor/laravel/framework/src/Illuminate/Container/Container.php(696): Illuminate/Container/BoundMethod::call(Object(Illuminate/Foundation/Application), Array, Array, NULL)
#27 C:/Users/Usuario/Downloads/citas-medicas-laravel-actualizado/citas-medicas-laravel/vendor/laravel/framework/src/Illuminate/Console/Command.php(213): Illuminate/Container/Container->call(Array)
#28 C:/Users/Usuario/Downloads/citas-medicas-laravel-actualizado/citas-medicas-laravel/vendor/symfony/console/Command/Command.php(341): Illuminate/Console/Command->execute(Object(Symfony/Component/Console/Input/ArgvInput), Object(Illuminate/Console/OutputStyle))
#29 C:/Users/Usuario/Downloads/citas-medicas-laravel-actualizado/citas-medicas-laravel/vendor/laravel/framework/src/Illuminate/Console/Command.php(182): Symfony/Component/Console/Command/Command->run(Object(Symfony/Component/Console/Input/ArgvInput), Object(Illuminate/Console/OutputStyle))
#30 C:/Users/Usuario/Downloads/citas-medicas-laravel-actualizado/citas-medicas-laravel/vendor/symfony/console/Application.php(1117): Illuminate/Console/Command->run(Object(Symfony/Component/Console/Input/ArgvInput), Object(Symfony/Component/Console/Output/ConsoleOutput))
#31 C:/Users/Usuario/Downloads/citas-medicas-laravel-actualizado/citas-medicas-laravel/vendor/symfony/console/Application.php(356): Symfony/Component/Console/Application->doRunCommand(Object(Illuminate/Database/Console/Migrations/MigrateCommand), Object(Symfony/Component/Console/Input/ArgvInput), Object(Symfony/Component/Console/Output/ConsoleOutput))
#32 C:/Users/Usuario/Downloads/citas-medicas-laravel-actualizado/citas-medicas-laravel/vendor/symfony/console/Application.php(195): Symfony/Component/Console/Application->doRun(Object(Symfony/Component/Console/Input/ArgvInput), Object(Symfony/Component/Console/Output/ConsoleOutput))
#33 C:/Users/Usuario/Downloads/citas-medicas-laravel-actualizado/citas-medicas-laravel/vendor/laravel/framework/src/Illuminate/Foundation/Console/Kernel.php(198): Symfony/Component/Console/Application->run(Object(Symfony/Component/Console/Input/ArgvInput), Object(Symfony/Component/Console/Output/ConsoleOutput))
#34 C:/Users/Usuario/Downloads/citas-medicas-laravel-actualizado/citas-medicas-laravel/vendor/laravel/framework/src/Illuminate/Foundation/Application.php(1235): Illuminate/Foundation/Console/Kernel->handle(Object(Symfony/Component/Console/Input/ArgvInput), Object(Symfony/Component/Console/Output/ConsoleOutput))
#35 C:/Users/Usuario/Downloads/citas-medicas-laravel-actualizado/citas-medicas-laravel/artisan(16): Illuminate/Foundation/Application->handleCommand(Object(Symfony/Component/Console/Input/ArgvInput))
#36 {main}
"} 
[2026-07-24 23:46:51] local.INFO: Codigo de recuperacion de contraseña para anavasquezmisho@gmail.com: 734187  
[2026-07-24 23:50:12] local.INFO: Codigo de recuperacion de contraseña para anavasquezmisho@gmail.com: 597386  
[2026-07-24 23:50:26] local.INFO: Codigo de recuperacion de contraseña para anavasquezmisho@gmail.com: 546233  
[2026-07-24 23:53:28] local.ERROR: Excepcion no controlada: Undefined variable $email (View: C:\Users\Usuario\Downloads\citas-medicas-laravel-actualizado\citas-medicas-laravel\resources\views\auth\olvide-password.blade.php) {"excepcion":"Illuminate\\View\\ViewException","usuario_id":null,"url":"http://127.0.0.1:8000/password/olvide","metodo":"GET","archivo":"C:\\Users\\Usuario\\Downloads\\citas-medicas-laravel-actualizado\\citas-medicas-laravel\\storage\\framework\\views\\d1c88c1792a35dc9fd6e6dbbfe34de14.php:12"} 
[2026-07-24 23:53:28] local.ERROR: Undefined variable $email (View: C:\Users\Usuario\Downloads\citas-medicas-laravel-actualizado\citas-medicas-laravel\resources\views\auth\olvide-password.blade.php) {"exception":"[object] (Illuminate\\View\\ViewException(code: 0): Undefined variable $email (View: C:\\Users\\Usuario\\Downloads\\citas-medicas-laravel-actualizado\\citas-medicas-laravel\\resources\\views\\auth\\olvide-password.blade.php) at C:/Users/Usuario/Downloads/citas-medicas-laravel-actualizado/citas-medicas-laravel/storage/framework/views/d1c88c1792a35dc9fd6e6dbbfe34de14.php:12)
[stacktrace]
#0 C:/Users/Usuario/Downloads/citas-medicas-laravel-actualizado/citas-medicas-laravel/vendor/laravel/framework/src/Illuminate/View/Engines/PhpEngine.php(60): Illuminate/View/Engines/CompilerEngine->handleViewException(Object(ErrorException), 1)
#1 C:/Users/Usuario/Downloads/citas-medicas-laravel-actualizado/citas-medicas-laravel/vendor/laravel/framework/src/Illuminate/View/Engines/CompilerEngine.php(75): Illuminate/View/Engines/PhpEngine->evaluatePath('C://Users//Usuari...', Array)
#2 C:/Users/Usuario/Downloads/citas-medicas-laravel-actualizado/citas-medicas-laravel/vendor/laravel/framework/src/Illuminate/View/View.php(209): Illuminate/View/Engines/CompilerEngine->get('C://Users//Usuari...', Array)
#3 C:/Users/Usuario/Downloads/citas-medicas-laravel-actualizado/citas-medicas-laravel/vendor/laravel/framework/src/Illuminate/View/View.php(192): Illuminate/View/View->getContents()
#4 C:/Users/Usuario/Downloads/citas-medicas-laravel-actualizado/citas-medicas-laravel/vendor/laravel/framework/src/Illuminate/View/View.php(161): Illuminate/View/View->renderContents()
#5 C:/Users/Usuario/Downloads/citas-medicas-laravel-actualizado/citas-medicas-laravel/vendor/laravel/framework/src/Illuminate/Http/Response.php(79): Illuminate/View/View->render()
#6 C:/Users/Usuario/Downloads/citas-medicas-laravel-actualizado/citas-medicas-laravel/vendor/laravel/framework/src/Illuminate/Http/Response.php(35): Illuminate/Http/Response->setContent(Object(Illuminate/View/View))
#7 C:/Users/Usuario/Downloads/citas-medicas-laravel-actualizado/citas-medicas-laravel/vendor/laravel/framework/src/Illuminate/Routing/Router.php(920): Illuminate/Http/Response->__construct(Object(Illuminate/View/View), 200, Array)
#8 C:/Users/Usuario/Downloads/citas-medicas-laravel-actualizado/citas-medicas-laravel/vendor/laravel/framework/src/Illuminate/Routing/Router.php(887): Illuminate/Routing/Router::toResponse(Object(Illuminate/Http/Request), Object(Illuminate/View/View))
#9 C:/Users/Usuario/Downloads/citas-medicas-laravel-actualizado/citas-medicas-laravel/vendor/laravel/framework/src/Illuminate/Routing/Router.php(807): Illuminate/Routing/Router->prepareResponse(Object(Illuminate/Http/Request), Object(Illuminate/View/View))
#10 C:/Users/Usuario/Downloads/citas-medicas-laravel-actualizado/citas-medicas-laravel/vendor/laravel/framework/src/Illuminate/Pipeline/Pipeline.php(170): Illuminate/Routing/Router->{closure:Illuminate/Routing/Router::runRouteWithinStack():807}(Object(Illuminate/Http/Request))
#11 C:/Users/Usuario/Downloads/citas-medicas-laravel-actualizado/citas-medicas-laravel/vendor/laravel/framework/src/Illuminate/Auth/Middleware/RedirectIfAuthenticated.php(35): Illuminate/Pipeline/Pipeline->{closure:Illuminate/Pipeline/Pipeline::prepareDestination():168}(Object(Illuminate/Http/Request))
#12 C:/Users/Usuario/Downloads/citas-medicas-laravel-actualizado/citas-medicas-laravel/vendor/laravel/framework/src/Illuminate/Pipeline/Pipeline.php(209): Illuminate/Auth/Middleware/RedirectIfAuthenticated->handle(Object(Illuminate/Http/Request), Object(Closure))
#13 C:/Users/Usuario/Downloads/citas-medicas-laravel-actualizado/citas-medicas-laravel/vendor/laravel/framework/src/Illuminate/Routing/Middleware/SubstituteBindings.php(51): Illuminate/Pipeline/Pipeline->{closure:{closure:Illuminate/Pipeline/Pipeline::carry():184}:185}(Object(Illuminate/Http/Request))
#14 C:/Users/Usuario/Downloads/citas-medicas-laravel-actualizado/citas-medicas-laravel/vendor/laravel/framework/src/Illuminate/Pipeline/Pipeline.php(209): Illuminate/Routing/Middleware/SubstituteBindings->handle(Object(Illuminate/Http/Request), Object(Closure))
#15 C:/Users/Usuario/Downloads/citas-medicas-laravel-actualizado/citas-medicas-laravel/vendor/laravel/framework/src/Illuminate/Foundation/Http/Middleware/VerifyCsrfToken.php(88): Illuminate/Pipeline/Pipeline->{closure:{closure:Illuminate/Pipeline/Pipeline::carry():184}:185}(Object(Illuminate/Http/Request))
#16 C:/Users/Usuario/Downloads/citas-medicas-laravel-actualizado/citas-medicas-laravel/vendor/laravel/framework/src/Illuminate/Pipeline/Pipeline.php(209): Illuminate/Foundation/Http/Middleware/VerifyCsrfToken->handle(Object(Illuminate/Http/Request), Object(Closure))
#17 C:/Users/Usuario/Downloads/citas-medicas-laravel-actualizado/citas-medicas-laravel/vendor/laravel/framework/src/Illuminate/View/Middleware/ShareErrorsFromSession.php(49): Illuminate/Pipeline/Pipeline->{closure:{closure:Illuminate/Pipeline/Pipeline::carry():184}:185}(Object(Illuminate/Http/Request))
#18 C:/Users/Usuario/Downloads/citas-medicas-laravel-actualizado/citas-medicas-laravel/vendor/laravel/framework/src/Illuminate/Pipeline/Pipeline.php(209): Illuminate/View/Middleware/ShareErrorsFromSession->handle(Object(Illuminate/Http/Request), Object(Closure))
#19 C:/Users/Usuario/Downloads/citas-medicas-laravel-actualizado/citas-medicas-laravel/vendor/laravel/framework/src/Illuminate/Session/Middleware/StartSession.php(121): Illuminate/Pipeline/Pipeline->{closure:{closure:Illuminate/Pipeline/Pipeline::carry():184}:185}(Object(Illuminate/Http/Request))
#20 C:/Users/Usuario/Downloads/citas-medicas-laravel-actualizado/citas-medicas-laravel/vendor/laravel/framework/src/Illuminate/Session/Middleware/StartSession.php(64): Illuminate/Session/Middleware/StartSession->handleStatefulRequest(Object(Illuminate/Http/Request), Object(Illuminate/Session/Store), Object(Closure))
#21 C:/Users/Usuario/Downloads/citas-medicas-laravel-actualizado/citas-medicas-laravel/vendor/laravel/framework/src/Illuminate/Pipeline/Pipeline.php(209): Illuminate/Session/Middleware/StartSession->handle(Object(Illuminate/Http/Request), Object(Closure))
#22 C:/Users/Usuario/Downloads/citas-medicas-laravel-actualizado/citas-medicas-laravel/vendor/laravel/framework/src/Illuminate/Cookie/Middleware/AddQueuedCookiesToResponse.php(37): Illuminate/Pipeline/Pipeline->{closure:{closure:Illuminate/Pipeline/Pipeline::carry():184}:185}(Object(Illuminate/Http/Request))
#23 C:/Users/Usuario/Downloads/citas-medicas-laravel-actualizado/citas-medicas-laravel/vendor/laravel/framework/src/Illuminate/Pipeline/Pipeline.php(209): Illuminate/Cookie/Middleware/AddQueuedCookiesToResponse->handle(Object(Illuminate/Http/Request), Object(Closure))
#24 C:/Users/Usuario/Downloads/citas-medicas-laravel-actualizado/citas-medicas-laravel/vendor/laravel/framework/src/Illuminate/Cookie/Middleware/EncryptCookies.php(75): Illuminate/Pipeline/Pipeline->{closure:{closure:Illuminate/Pipeline/Pipeline::carry():184}:185}(Object(Illuminate/Http/Request))
#25 C:/Users/Usuario/Downloads/citas-medicas-laravel-actualizado/citas-medicas-laravel/vendor/laravel/framework/src/Illuminate/Pipeline/Pipeline.php(209): Illuminate/Cookie/Middleware/EncryptCookies->handle(Object(Illuminate/Http/Request), Object(Closure))
#26 C:/Users/Usuario/Downloads/citas-medicas-laravel-actualizado/citas-medicas-laravel/vendor/laravel/framework/src/Illuminate/Pipeline/Pipeline.php(127): Illuminate/Pipeline/Pipeline->{closure:{closure:Illuminate/Pipeline/Pipeline::carry():184}:185}(Object(Illuminate/Http/Request))
#27 C:/Users/Usuario/Downloads/citas-medicas-laravel-actualizado/citas-medicas-laravel/vendor/laravel/framework/src/Illuminate/Routing/Router.php(807): Illuminate/Pipeline/Pipeline->then(Object(Closure))
#28 C:/Users/Usuario/Downloads/citas-medicas-laravel-actualizado/citas-medicas-laravel/vendor/laravel/framework/src/Illuminate/Routing/Router.php(786): Illuminate/Routing/Router->runRouteWithinStack(Object(Illuminate/Routing/Route), Object(Illuminate/Http/Request))
#29 C:/Users/Usuario/Downloads/citas-medicas-laravel-actualizado/citas-medicas-laravel/vendor/laravel/framework/src/Illuminate/Routing/Router.php(750): Illuminate/Routing/Router->runRoute(Object(Illuminate/Http/Request), Object(Illuminate/Routing/Route))
#30 C:/Users/Usuario/Downloads/citas-medicas-laravel-actualizado/citas-medicas-laravel/vendor/laravel/framework/src/Illuminate/Routing/Router.php(739): Illuminate/Routing/Router->dispatchToRoute(Object(Illuminate/Http/Request))
#31 C:/Users/Usuario/Downloads/citas-medicas-laravel-actualizado/citas-medicas-laravel/vendor/laravel/framework/src/Illuminate/Foundation/Http/Kernel.php(201): Illuminate/Routing/Router->dispatch(Object(Illuminate/Http/Request))
#32 C:/Users/Usuario/Downloads/citas-medicas-laravel-actualizado/citas-medicas-laravel/vendor/laravel/framework/src/Illuminate/Pipeline/Pipeline.php(170): Illuminate/Foundation/Http/Kernel->{closure:Illuminate/Foundation/Http/Kernel::dispatchToRouter():198}(Object(Illuminate/Http/Request))
#33 C:/Users/Usuario/Downloads/citas-medicas-laravel-actualizado/citas-medicas-laravel/vendor/laravel/framework/src/Illuminate/Foundation/Http/Middleware/TransformsRequest.php(21): Illuminate/Pipeline/Pipeline->{closure:Illuminate/Pipeline/Pipeline::prepareDestination():168}(Object(Illuminate/Http/Request))
#34 C:/Users/Usuario/Downloads/citas-medicas-laravel-actualizado/citas-medicas-laravel/vendor/laravel/framework/src/Illuminate/Foundation/Http/Middleware/ConvertEmptyStringsToNull.php(31): Illuminate/Foundation/Http/Middleware/TransformsRequest->handle(Object(Illuminate/Http/Request), Object(Closure))
#35 C:/Users/Usuario/Downloads/citas-medicas-laravel-actualizado/citas-medicas-laravel/vendor/laravel/framework/src/Illuminate/Pipeline/Pipeline.php(209): Illuminate/Foundation/Http/Middleware/ConvertEmptyStringsToNull->handle(Object(Illuminate/Http/Request), Object(Closure))
#36 C:/Users/Usuario/Downloads/citas-medicas-laravel-actualizado/citas-medicas-laravel/vendor/laravel/framework/src/Illuminate/Foundation/Http/Middleware/TransformsRequest.php(21): Illuminate/Pipeline/Pipeline->{closure:{closure:Illuminate/Pipeline/Pipeline::carry():184}:185}(Object(Illuminate/Http/Request))
#37 C:/Users/Usuario/Downloads/citas-medicas-laravel-actualizado/citas-medicas-laravel/vendor/laravel/framework/src/Illuminate/Foundation/Http/Middleware/TrimStrings.php(51): Illuminate/Foundation/Http/Middleware/TransformsRequest->handle(Object(Illuminate/Http/Request), Object(Closure))
#38 C:/Users/Usuario/Downloads/citas-medicas-laravel-actualizado/citas-medicas-laravel/vendor/laravel/framework/src/Illuminate/Pipeline/Pipeline.php(209): Illuminate/Foundation/Http/Middleware/TrimStrings->handle(Object(Illuminate/Http/Request), Object(Closure))
#39 C:/Users/Usuario/Downloads/citas-medicas-laravel-actualizado/citas-medicas-laravel/vendor/laravel/framework/src/Illuminate/Http/Middleware/ValidatePostSize.php(27): Illuminate/Pipeline/Pipeline->{closure:{closure:Illuminate/Pipeline/Pipeline::carry():184}:185}(Object(Illuminate/Http/Request))
#40 C:/Users/Usuario/Downloads/citas-medicas-laravel-actualizado/citas-medicas-laravel/vendor/laravel/framework/src/Illuminate/Pipeline/Pipeline.php(209): Illuminate/Http/Middleware/ValidatePostSize->handle(Object(Illuminate/Http/Request), Object(Closure))
#41 C:/Users/Usuario/Downloads/citas-medicas-laravel-actualizado/citas-medicas-laravel/vendor/laravel/framework/src/Illuminate/Foundation/Http/Middleware/PreventRequestsDuringMaintenance.php(110): Illuminate/Pipeline/Pipeline->{closure:{closure:Illuminate/Pipeline/Pipeline::carry():184}:185}(Object(Illuminate/Http/Request))
#42 C:/Users/Usuario/Downloads/citas-medicas-laravel-actualizado/citas-medicas-laravel/vendor/laravel/framework/src/Illuminate/Pipeline/Pipeline.php(209): Illuminate/Foundation/Http/Middleware/PreventRequestsDuringMaintenance->handle(Object(Illuminate/Http/Request), Object(Closure))
#43 C:/Users/Usuario/Downloads/citas-medicas-laravel-actualizado/citas-medicas-laravel/vendor/laravel/framework/src/Illuminate/Http/Middleware/HandleCors.php(49): Illuminate/Pipeline/Pipeline->{closure:{closure:Illuminate/Pipeline/Pipeline::carry():184}:185}(Object(Illuminate/Http/Request))
#44 C:/Users/Usuario/Downloads/citas-medicas-laravel-actualizado/citas-medicas-laravel/vendor/laravel/framework/src/Illuminate/Pipeline/Pipeline.php(209): Illuminate/Http/Middleware/HandleCors->handle(Object(Illuminate/Http/Request), Object(Closure))
#45 C:/Users/Usuario/Downloads/citas-medicas-laravel-actualizado/citas-medicas-laravel/vendor/laravel/framework/src/Illuminate/Http/Middleware/TrustProxies.php(58): Illuminate/Pipeline/Pipeline->{closure:{closure:Illuminate/Pipeline/Pipeline::carry():184}:185}(Object(Illuminate/Http/Request))
#46 C:/Users/Usuario/Downloads/citas-medicas-laravel-actualizado/citas-medicas-laravel/vendor/laravel/framework/src/Illuminate/Pipeline/Pipeline.php(209): Illuminate/Http/Middleware/TrustProxies->handle(Object(Illuminate/Http/Request), Object(Closure))
#47 C:/Users/Usuario/Downloads/citas-medicas-laravel-actualizado/citas-medicas-laravel/vendor/laravel/framework/src/Illuminate/Foundation/Http/Middleware/InvokeDeferredCallbacks.php(22): Illuminate/Pipeline/Pipeline->{closure:{closure:Illuminate/Pipeline/Pipeline::carry():184}:185}(Object(Illuminate/Http/Request))
#48 C:/Users/Usuario/Downloads/citas-medicas-laravel-actualizado/citas-medicas-laravel/vendor/laravel/framework/src/Illuminate/Pipeline/Pipeline.php(209): Illuminate/Foundation/Http/Middleware/InvokeDeferredCallbacks->handle(Object(Illuminate/Http/Request), Object(Closure))
#49 C:/Users/Usuario/Downloads/citas-medicas-laravel-actualizado/citas-medicas-laravel/vendor/laravel/framework/src/Illuminate/Pipeline/Pipeline.php(127): Illuminate/Pipeline/Pipeline->{closure:{closure:Illuminate/Pipeline/Pipeline::carry():184}:185}(Object(Illuminate/Http/Request))
#50 C:/Users/Usuario/Downloads/citas-medicas-laravel-actualizado/citas-medicas-laravel/vendor/laravel/framework/src/Illuminate/Foundation/Http/Kernel.php(176): Illuminate/Pipeline/Pipeline->then(Object(Closure))
#51 C:/Users/Usuario/Downloads/citas-medicas-laravel-actualizado/citas-medicas-laravel/vendor/laravel/framework/src/Illuminate/Foundation/Http/Kernel.php(145): Illuminate/Foundation/Http/Kernel->sendRequestThroughRouter(Object(Illuminate/Http/Request))
#52 C:/Users/Usuario/Downloads/citas-medicas-laravel-actualizado/citas-medicas-laravel/vendor/laravel/framework/src/Illuminate/Foundation/Application.php(1220): Illuminate/Foundation/Http/Kernel->handle(Object(Illuminate/Http/Request))
#53 C:/Users/Usuario/Downloads/citas-medicas-laravel-actualizado/citas-medicas-laravel/public/index.php(21): Illuminate/Foundation/Application->handleRequest(Object(Illuminate/Http/Request))
#54 C:/Users/Usuario/Downloads/citas-medicas-laravel-actualizado/citas-medicas-laravel/vendor/laravel/framework/src/Illuminate/Foundation/resources/server.php(23): require_once('C://Users//Usuari...')
#55 {main}

[previous exception] [object] (ErrorException(code: 0): Undefined variable $email at C:/Users/Usuario/Downloads/citas-medicas-laravel-actualizado/citas-medicas-laravel/storage/framework/views/d1c88c1792a35dc9fd6e6dbbfe34de14.php:12)
[stacktrace]
#0 C:/Users/Usuario/Downloads/citas-medicas-laravel-actualizado/citas-medicas-laravel/vendor/laravel/framework/src/Illuminate/Foundation/Bootstrap/HandleExceptions.php(258): Illuminate/Foundation/Bootstrap/HandleExceptions->handleError(2, 'Undefined varia...', 'C://Users//Usuari...', 12)
#1 C:/Users/Usuario/Downloads/citas-medicas-laravel-actualizado/citas-medicas-laravel/storage/framework/views/d1c88c1792a35dc9fd6e6dbbfe34de14.php(12): Illuminate/Foundation/Bootstrap/HandleExceptions->{closure:Illuminate/Foundation/Bootstrap/HandleExceptions::forwardsTo():257}(2, 'Undefined varia...', 'C://Users//Usuari...', 12)
#2 C:/Users/Usuario/Downloads/citas-medicas-laravel-actualizado/citas-medicas-laravel/vendor/laravel/framework/src/Illuminate/Filesystem/Filesystem.php(123): require('C://Users//Usuari...')
#3 C:/Users/Usuario/Downloads/citas-medicas-laravel-actualizado/citas-medicas-laravel/vendor/laravel/framework/src/Illuminate/Filesystem/Filesystem.php(124): Illuminate/Filesystem/Filesystem::{closure:Illuminate/Filesystem/Filesystem::getRequire():120}()
#4 C:/Users/Usuario/Downloads/citas-medicas-laravel-actualizado/citas-medicas-laravel/vendor/laravel/framework/src/Illuminate/View/Engines/PhpEngine.php(58): Illuminate/Filesystem/Filesystem->getRequire('C://Users//Usuari...', Array)
#5 C:/Users/Usuario/Downloads/citas-medicas-laravel-actualizado/citas-medicas-laravel/vendor/laravel/framework/src/Illuminate/View/Engines/CompilerEngine.php(75): Illuminate/View/Engines/PhpEngine->evaluatePath('C://Users//Usuari...', Array)
#6 C:/Users/Usuario/Downloads/citas-medicas-laravel-actualizado/citas-medicas-laravel/vendor/laravel/framework/src/Illuminate/View/View.php(209): Illuminate/View/Engines/CompilerEngine->get('C://Users//Usuari...', Array)
#7 C:/Users/Usuario/Downloads/citas-medicas-laravel-actualizado/citas-medicas-laravel/vendor/laravel/framework/src/Illuminate/View/View.php(192): Illuminate/View/View->getContents()
#8 C:/Users/Usuario/Downloads/citas-medicas-laravel-actualizado/citas-medicas-laravel/vendor/laravel/framework/src/Illuminate/View/View.php(161): Illuminate/View/View->renderContents()
#9 C:/Users/Usuario/Downloads/citas-medicas-laravel-actualizado/citas-medicas-laravel/vendor/laravel/framework/src/Illuminate/Http/Response.php(79): Illuminate/View/View->render()
#10 C:/Users/Usuario/Downloads/citas-medicas-laravel-actualizado/citas-medicas-laravel/vendor/laravel/framework/src/Illuminate/Http/Response.php(35): Illuminate/Http/Response->setContent(Object(Illuminate/View/View))
#11 C:/Users/Usuario/Downloads/citas-medicas-laravel-actualizado/citas-medicas-laravel/vendor/laravel/framework/src/Illuminate/Routing/Router.php(920): Illuminate/Http/Response->__construct(Object(Illuminate/View/View), 200, Array)
#12 C:/Users/Usuario/Downloads/citas-medicas-laravel-actualizado/citas-medicas-laravel/vendor/laravel/framework/src/Illuminate/Routing/Router.php(887): Illuminate/Routing/Router::toResponse(Object(Illuminate/Http/Request), Object(Illuminate/View/View))
#13 C:/Users/Usuario/Downloads/citas-medicas-laravel-actualizado/citas-medicas-laravel/vendor/laravel/framework/src/Illuminate/Routing/Router.php(807): Illuminate/Routing/Router->prepareResponse(Object(Illuminate/Http/Request), Object(Illuminate/View/View))
#14 C:/Users/Usuario/Downloads/citas-medicas-laravel-actualizado/citas-medicas-laravel/vendor/laravel/framework/src/Illuminate/Pipeline/Pipeline.php(170): Illuminate/Routing/Router->{closure:Illuminate/Routing/Router::runRouteWithinStack():807}(Object(Illuminate/Http/Request))
#15 C:/Users/Usuario/Downloads/citas-medicas-laravel-actualizado/citas-medicas-laravel/vendor/laravel/framework/src/Illuminate/Auth/Middleware/RedirectIfAuthenticated.php(35): Illuminate/Pipeline/Pipeline->{closure:Illuminate/Pipeline/Pipeline::prepareDestination():168}(Object(Illuminate/Http/Request))
#16 C:/Users/Usuario/Downloads/citas-medicas-laravel-actualizado/citas-medicas-laravel/vendor/laravel/framework/src/Illuminate/Pipeline/Pipeline.php(209): Illuminate/Auth/Middleware/RedirectIfAuthenticated->handle(Object(Illuminate/Http/Request), Object(Closure))
#17 C:/Users/Usuario/Downloads/citas-medicas-laravel-actualizado/citas-medicas-laravel/vendor/laravel/framework/src/Illuminate/Routing/Middleware/SubstituteBindings.php(51): Illuminate/Pipeline/Pipeline->{closure:{closure:Illuminate/Pipeline/Pipeline::carry():184}:185}(Object(Illuminate/Http/Request))
#18 C:/Users/Usuario/Downloads/citas-medicas-laravel-actualizado/citas-medicas-laravel/vendor/laravel/framework/src/Illuminate/Pipeline/Pipeline.php(209): Illuminate/Routing/Middleware/SubstituteBindings->handle(Object(Illuminate/Http/Request), Object(Closure))
#19 C:/Users/Usuario/Downloads/citas-medicas-laravel-actualizado/citas-medicas-laravel/vendor/laravel/framework/src/Illuminate/Foundation/Http/Middleware/VerifyCsrfToken.php(88): Illuminate/Pipeline/Pipeline->{closure:{closure:Illuminate/Pipeline/Pipeline::carry():184}:185}(Object(Illuminate/Http/Request))
#20 C:/Users/Usuario/Downloads/citas-medicas-laravel-actualizado/citas-medicas-laravel/vendor/laravel/framework/src/Illuminate/Pipeline/Pipeline.php(209): Illuminate/Foundation/Http/Middleware/VerifyCsrfToken->handle(Object(Illuminate/Http/Request), Object(Closure))
#21 C:/Users/Usuario/Downloads/citas-medicas-laravel-actualizado/citas-medicas-laravel/vendor/laravel/framework/src/Illuminate/View/Middleware/ShareErrorsFromSession.php(49): Illuminate/Pipeline/Pipeline->{closure:{closure:Illuminate/Pipeline/Pipeline::carry():184}:185}(Object(Illuminate/Http/Request))
#22 C:/Users/Usuario/Downloads/citas-medicas-laravel-actualizado/citas-medicas-laravel/vendor/laravel/framework/src/Illuminate/Pipeline/Pipeline.php(209): Illuminate/View/Middleware/ShareErrorsFromSession->handle(Object(Illuminate/Http/Request), Object(Closure))
#23 C:/Users/Usuario/Downloads/citas-medicas-laravel-actualizado/citas-medicas-laravel/vendor/laravel/framework/src/Illuminate/Session/Middleware/StartSession.php(121): Illuminate/Pipeline/Pipeline->{closure:{closure:Illuminate/Pipeline/Pipeline::carry():184}:185}(Object(Illuminate/Http/Request))
#24 C:/Users/Usuario/Downloads/citas-medicas-laravel-actualizado/citas-medicas-laravel/vendor/laravel/framework/src/Illuminate/Session/Middleware/StartSession.php(64): Illuminate/Session/Middleware/StartSession->handleStatefulRequest(Object(Illuminate/Http/Request), Object(Illuminate/Session/Store), Object(Closure))
#25 C:/Users/Usuario/Downloads/citas-medicas-laravel-actualizado/citas-medicas-laravel/vendor/laravel/framework/src/Illuminate/Pipeline/Pipeline.php(209): Illuminate/Session/Middleware/StartSession->handle(Object(Illuminate/Http/Request), Object(Closure))
#26 C:/Users/Usuario/Downloads/citas-medicas-laravel-actualizado/citas-medicas-laravel/vendor/laravel/framework/src/Illuminate/Cookie/Middleware/AddQueuedCookiesToResponse.php(37): Illuminate/Pipeline/Pipeline->{closure:{closure:Illuminate/Pipeline/Pipeline::carry():184}:185}(Object(Illuminate/Http/Request))
#27 C:/Users/Usuario/Downloads/citas-medicas-laravel-actualizado/citas-medicas-laravel/vendor/laravel/framework/src/Illuminate/Pipeline/Pipeline.php(209): Illuminate/Cookie/Middleware/AddQueuedCookiesToResponse->handle(Object(Illuminate/Http/Request), Object(Closure))
#28 C:/Users/Usuario/Downloads/citas-medicas-laravel-actualizado/citas-medicas-laravel/vendor/laravel/framework/src/Illuminate/Cookie/Middleware/EncryptCookies.php(75): Illuminate/Pipeline/Pipeline->{closure:{closure:Illuminate/Pipeline/Pipeline::carry():184}:185}(Object(Illuminate/Http/Request))
#29 C:/Users/Usuario/Downloads/citas-medicas-laravel-actualizado/citas-medicas-laravel/vendor/laravel/framework/src/Illuminate/Pipeline/Pipeline.php(209): Illuminate/Cookie/Middleware/EncryptCookies->handle(Object(Illuminate/Http/Request), Object(Closure))
#30 C:/Users/Usuario/Downloads/citas-medicas-laravel-actualizado/citas-medicas-laravel/vendor/laravel/framework/src/Illuminate/Pipeline/Pipeline.php(127): Illuminate/Pipeline/Pipeline->{closure:{closure:Illuminate/Pipeline/Pipeline::carry():184}:185}(Object(Illuminate/Http/Request))
#31 C:/Users/Usuario/Downloads/citas-medicas-laravel-actualizado/citas-medicas-laravel/vendor/laravel/framework/src/Illuminate/Routing/Router.php(807): Illuminate/Pipeline/Pipeline->then(Object(Closure))
#32 C:/Users/Usuario/Downloads/citas-medicas-laravel-actualizado/citas-medicas-laravel/vendor/laravel/framework/src/Illuminate/Routing/Router.php(786): Illuminate/Routing/Router->runRouteWithinStack(Object(Illuminate/Routing/Route), Object(Illuminate/Http/Request))
#33 C:/Users/Usuario/Downloads/citas-medicas-laravel-actualizado/citas-medicas-laravel/vendor/laravel/framework/src/Illuminate/Routing/Router.php(750): Illuminate/Routing/Router->runRoute(Object(Illuminate/Http/Request), Object(Illuminate/Routing/Route))
#34 C:/Users/Usuario/Downloads/citas-medicas-laravel-actualizado/citas-medicas-laravel/vendor/laravel/framework/src/Illuminate/Routing/Router.php(739): Illuminate/Routing/Router->dispatchToRoute(Object(Illuminate/Http/Request))
#35 C:/Users/Usuario/Downloads/citas-medicas-laravel-actualizado/citas-medicas-laravel/vendor/laravel/framework/src/Illuminate/Foundation/Http/Kernel.php(201): Illuminate/Routing/Router->dispatch(Object(Illuminate/Http/Request))
#36 C:/Users/Usuario/Downloads/citas-medicas-laravel-actualizado/citas-medicas-laravel/vendor/laravel/framework/src/Illuminate/Pipeline/Pipeline.php(170): Illuminate/Foundation/Http/Kernel->{closure:Illuminate/Foundation/Http/Kernel::dispatchToRouter():198}(Object(Illuminate/Http/Request))
#37 C:/Users/Usuario/Downloads/citas-medicas-laravel-actualizado/citas-medicas-laravel/vendor/laravel/framework/src/Illuminate/Foundation/Http/Middleware/TransformsRequest.php(21): Illuminate/Pipeline/Pipeline->{closure:Illuminate/Pipeline/Pipeline::prepareDestination():168}(Object(Illuminate/Http/Request))
#38 C:/Users/Usuario/Downloads/citas-medicas-laravel-actualizado/citas-medicas-laravel/vendor/laravel/framework/src/Illuminate/Foundation/Http/Middleware/ConvertEmptyStringsToNull.php(31): Illuminate/Foundation/Http/Middleware/TransformsRequest->handle(Object(Illuminate/Http/Request), Object(Closure))
#39 C:/Users/Usuario/Downloads/citas-medicas-laravel-actualizado/citas-medicas-laravel/vendor/laravel/framework/src/Illuminate/Pipeline/Pipeline.php(209): Illuminate/Foundation/Http/Middleware/ConvertEmptyStringsToNull->handle(Object(Illuminate/Http/Request), Object(Closure))
#40 C:/Users/Usuario/Downloads/citas-medicas-laravel-actualizado/citas-medicas-laravel/vendor/laravel/framework/src/Illuminate/Foundation/Http/Middleware/TransformsRequest.php(21): Illuminate/Pipeline/Pipeline->{closure:{closure:Illuminate/Pipeline/Pipeline::carry():184}:185}(Object(Illuminate/Http/Request))
#41 C:/Users/Usuario/Downloads/citas-medicas-laravel-actualizado/citas-medicas-laravel/vendor/laravel/framework/src/Illuminate/Foundation/Http/Middleware/TrimStrings.php(51): Illuminate/Foundation/Http/Middleware/TransformsRequest->handle(Object(Illuminate/Http/Request), Object(Closure))
#42 C:/Users/Usuario/Downloads/citas-medicas-laravel-actualizado/citas-medicas-laravel/vendor/laravel/framework/src/Illuminate/Pipeline/Pipeline.php(209): Illuminate/Foundation/Http/Middleware/TrimStrings->handle(Object(Illuminate/Http/Request), Object(Closure))
#43 C:/Users/Usuario/Downloads/citas-medicas-laravel-actualizado/citas-medicas-laravel/vendor/laravel/framework/src/Illuminate/Http/Middleware/ValidatePostSize.php(27): Illuminate/Pipeline/Pipeline->{closure:{closure:Illuminate/Pipeline/Pipeline::carry():184}:185}(Object(Illuminate/Http/Request))
#44 C:/Users/Usuario/Downloads/citas-medicas-laravel-actualizado/citas-medicas-laravel/vendor/laravel/framework/src/Illuminate/Pipeline/Pipeline.php(209): Illuminate/Http/Middleware/ValidatePostSize->handle(Object(Illuminate/Http/Request), Object(Closure))
#45 C:/Users/Usuario/Downloads/citas-medicas-laravel-actualizado/citas-medicas-laravel/vendor/laravel/framework/src/Illuminate/Foundation/Http/Middleware/PreventRequestsDuringMaintenance.php(110): Illuminate/Pipeline/Pipeline->{closure:{closure:Illuminate/Pipeline/Pipeline::carry():184}:185}(Object(Illuminate/Http/Request))
#46 C:/Users/Usuario/Downloads/citas-medicas-laravel-actualizado/citas-medicas-laravel/vendor/laravel/framework/src/Illuminate/Pipeline/Pipeline.php(209): Illuminate/Foundation/Http/Middleware/PreventRequestsDuringMaintenance->handle(Object(Illuminate/Http/Request), Object(Closure))
#47 C:/Users/Usuario/Downloads/citas-medicas-laravel-actualizado/citas-medicas-laravel/vendor/laravel/framework/src/Illuminate/Http/Middleware/HandleCors.php(49): Illuminate/Pipeline/Pipeline->{closure:{closure:Illuminate/Pipeline/Pipeline::carry():184}:185}(Object(Illuminate/Http/Request))
#48 C:/Users/Usuario/Downloads/citas-medicas-laravel-actualizado/citas-medicas-laravel/vendor/laravel/framework/src/Illuminate/Pipeline/Pipeline.php(209): Illuminate/Http/Middleware/HandleCors->handle(Object(Illuminate/Http/Request), Object(Closure))
#49 C:/Users/Usuario/Downloads/citas-medicas-laravel-actualizado/citas-medicas-laravel/vendor/laravel/framework/src/Illuminate/Http/Middleware/TrustProxies.php(58): Illuminate/Pipeline/Pipeline->{closure:{closure:Illuminate/Pipeline/Pipeline::carry():184}:185}(Object(Illuminate/Http/Request))
#50 C:/Users/Usuario/Downloads/citas-medicas-laravel-actualizado/citas-medicas-laravel/vendor/laravel/framework/src/Illuminate/Pipeline/Pipeline.php(209): Illuminate/Http/Middleware/TrustProxies->handle(Object(Illuminate/Http/Request), Object(Closure))
#51 C:/Users/Usuario/Downloads/citas-medicas-laravel-actualizado/citas-medicas-laravel/vendor/laravel/framework/src/Illuminate/Foundation/Http/Middleware/InvokeDeferredCallbacks.php(22): Illuminate/Pipeline/Pipeline->{closure:{closure:Illuminate/Pipeline/Pipeline::carry():184}:185}(Object(Illuminate/Http/Request))
#52 C:/Users/Usuario/Downloads/citas-medicas-laravel-actualizado/citas-medicas-laravel/vendor/laravel/framework/src/Illuminate/Pipeline/Pipeline.php(209): Illuminate/Foundation/Http/Middleware/InvokeDeferredCallbacks->handle(Object(Illuminate/Http/Request), Object(Closure))
#53 C:/Users/Usuario/Downloads/citas-medicas-laravel-actualizado/citas-medicas-laravel/vendor/laravel/framework/src/Illuminate/Pipeline/Pipeline.php(127): Illuminate/Pipeline/Pipeline->{closure:{closure:Illuminate/Pipeline/Pipeline::carry():184}:185}(Object(Illuminate/Http/Request))
#54 C:/Users/Usuario/Downloads/citas-medicas-laravel-actualizado/citas-medicas-laravel/vendor/laravel/framework/src/Illuminate/Foundation/Http/Kernel.php(176): Illuminate/Pipeline/Pipeline->then(Object(Closure))
#55 C:/Users/Usuario/Downloads/citas-medicas-laravel-actualizado/citas-medicas-laravel/vendor/laravel/framework/src/Illuminate/Foundation/Http/Kernel.php(145): Illuminate/Foundation/Http/Kernel->sendRequestThroughRouter(Object(Illuminate/Http/Request))
#56 C:/Users/Usuario/Downloads/citas-medicas-laravel-actualizado/citas-medicas-laravel/vendor/laravel/framework/src/Illuminate/Foundation/Application.php(1220): Illuminate/Foundation/Http/Kernel->handle(Object(Illuminate/Http/Request))
#57 C:/Users/Usuario/Downloads/citas-medicas-laravel-actualizado/citas-medicas-laravel/public/index.php(21): Illuminate/Foundation/Application->handleRequest(Object(Illuminate/Http/Request))
#58 C:/Users/Usuario/Downloads/citas-medicas-laravel-actualizado/citas-medicas-laravel/vendor/laravel/framework/src/Illuminate/Foundation/resources/server.php(23): require_once('C://Users//Usuari...')
#59 {main}
"} 
[2026-07-24 23:53:49] local.ERROR: Excepcion no controlada: Undefined variable $email (View: C:\Users\Usuario\Downloads\citas-medicas-laravel-actualizado\citas-medicas-laravel\resources\views\auth\olvide-password.blade.php) {"excepcion":"Illuminate\\View\\ViewException","usuario_id":null,"url":"http://127.0.0.1:8000/password/olvide","metodo":"GET","archivo":"C:\\Users\\Usuario\\Downloads\\citas-medicas-laravel-actualizado\\citas-medicas-laravel\\storage\\framework\\views\\d1c88c1792a35dc9fd6e6dbbfe34de14.php:12"} 
[2026-07-24 23:53:49] local.ERROR: Undefined variable $email (View: C:\Users\Usuario\Downloads\citas-medicas-laravel-actualizado\citas-medicas-laravel\resources\views\auth\olvide-password.blade.php) {"exception":"[object] (Illuminate\\View\\ViewException(code: 0): Undefined variable $email (View: C:\\Users\\Usuario\\Downloads\\citas-medicas-laravel-actualizado\\citas-medicas-laravel\\resources\\views\\auth\\olvide-password.blade.php) at C:/Users/Usuario/Downloads/citas-medicas-laravel-actualizado/citas-medicas-laravel/storage/framework/views/d1c88c1792a35dc9fd6e6dbbfe34de14.php:12)
[stacktrace]
#0 C:/Users/Usuario/Downloads/citas-medicas-laravel-actualizado/citas-medicas-laravel/vendor/laravel/framework/src/Illuminate/View/Engines/PhpEngine.php(60): Illuminate/View/Engines/CompilerEngine->handleViewException(Object(ErrorException), 1)
#1 C:/Users/Usuario/Downloads/citas-medicas-laravel-actualizado/citas-medicas-laravel/vendor/laravel/framework/src/Illuminate/View/Engines/CompilerEngine.php(75): Illuminate/View/Engines/PhpEngine->evaluatePath('C://Users//Usuari...', Array)
#2 C:/Users/Usuario/Downloads/citas-medicas-laravel-actualizado/citas-medicas-laravel/vendor/laravel/framework/src/Illuminate/View/View.php(209): Illuminate/View/Engines/CompilerEngine->get('C://Users//Usuari...', Array)
#3 C:/Users/Usuario/Downloads/citas-medicas-laravel-actualizado/citas-medicas-laravel/vendor/laravel/framework/src/Illuminate/View/View.php(192): Illuminate/View/View->getContents()
#4 C:/Users/Usuario/Downloads/citas-medicas-laravel-actualizado/citas-medicas-laravel/vendor/laravel/framework/src/Illuminate/View/View.php(161): Illuminate/View/View->renderContents()
#5 C:/Users/Usuario/Downloads/citas-medicas-laravel-actualizado/citas-medicas-laravel/vendor/laravel/framework/src/Illuminate/Http/Response.php(79): Illuminate/View/View->render()
#6 C:/Users/Usuario/Downloads/citas-medicas-laravel-actualizado/citas-medicas-laravel/vendor/laravel/framework/src/Illuminate/Http/Response.php(35): Illuminate/Http/Response->setContent(Object(Illuminate/View/View))
#7 C:/Users/Usuario/Downloads/citas-medicas-laravel-actualizado/citas-medicas-laravel/vendor/laravel/framework/src/Illuminate/Routing/Router.php(920): Illuminate/Http/Response->__construct(Object(Illuminate/View/View), 200, Array)
#8 C:/Users/Usuario/Downloads/citas-medicas-laravel-actualizado/citas-medicas-laravel/vendor/laravel/framework/src/Illuminate/Routing/Router.php(887): Illuminate/Routing/Router::toResponse(Object(Illuminate/Http/Request), Object(Illuminate/View/View))
#9 C:/Users/Usuario/Downloads/citas-medicas-laravel-actualizado/citas-medicas-laravel/vendor/laravel/framework/src/Illuminate/Routing/Router.php(807): Illuminate/Routing/Router->prepareResponse(Object(Illuminate/Http/Request), Object(Illuminate/View/View))
#10 C:/Users/Usuario/Downloads/citas-medicas-laravel-actualizado/citas-medicas-laravel/vendor/laravel/framework/src/Illuminate/Pipeline/Pipeline.php(170): Illuminate/Routing/Router->{closure:Illuminate/Routing/Router::runRouteWithinStack():807}(Object(Illuminate/Http/Request))
#11 C:/Users/Usuario/Downloads/citas-medicas-laravel-actualizado/citas-medicas-laravel/vendor/laravel/framework/src/Illuminate/Auth/Middleware/RedirectIfAuthenticated.php(35): Illuminate/Pipeline/Pipeline->{closure:Illuminate/Pipeline/Pipeline::prepareDestination():168}(Object(Illuminate/Http/Request))
#12 C:/Users/Usuario/Downloads/citas-medicas-laravel-actualizado/citas-medicas-laravel/vendor/laravel/framework/src/Illuminate/Pipeline/Pipeline.php(209): Illuminate/Auth/Middleware/RedirectIfAuthenticated->handle(Object(Illuminate/Http/Request), Object(Closure))
#13 C:/Users/Usuario/Downloads/citas-medicas-laravel-actualizado/citas-medicas-laravel/vendor/laravel/framework/src/Illuminate/Routing/Middleware/SubstituteBindings.php(51): Illuminate/Pipeline/Pipeline->{closure:{closure:Illuminate/Pipeline/Pipeline::carry():184}:185}(Object(Illuminate/Http/Request))
#14 C:/Users/Usuario/Downloads/citas-medicas-laravel-actualizado/citas-medicas-laravel/vendor/laravel/framework/src/Illuminate/Pipeline/Pipeline.php(209): Illuminate/Routing/Middleware/SubstituteBindings->handle(Object(Illuminate/Http/Request), Object(Closure))
#15 C:/Users/Usuario/Downloads/citas-medicas-laravel-actualizado/citas-medicas-laravel/vendor/laravel/framework/src/Illuminate/Foundation/Http/Middleware/VerifyCsrfToken.php(88): Illuminate/Pipeline/Pipeline->{closure:{closure:Illuminate/Pipeline/Pipeline::carry():184}:185}(Object(Illuminate/Http/Request))
#16 C:/Users/Usuario/Downloads/citas-medicas-laravel-actualizado/citas-medicas-laravel/vendor/laravel/framework/src/Illuminate/Pipeline/Pipeline.php(209): Illuminate/Foundation/Http/Middleware/VerifyCsrfToken->handle(Object(Illuminate/Http/Request), Object(Closure))
#17 C:/Users/Usuario/Downloads/citas-medicas-laravel-actualizado/citas-medicas-laravel/vendor/laravel/framework/src/Illuminate/View/Middleware/ShareErrorsFromSession.php(49): Illuminate/Pipeline/Pipeline->{closure:{closure:Illuminate/Pipeline/Pipeline::carry():184}:185}(Object(Illuminate/Http/Request))
#18 C:/Users/Usuario/Downloads/citas-medicas-laravel-actualizado/citas-medicas-laravel/vendor/laravel/framework/src/Illuminate/Pipeline/Pipeline.php(209): Illuminate/View/Middleware/ShareErrorsFromSession->handle(Object(Illuminate/Http/Request), Object(Closure))
#19 C:/Users/Usuario/Downloads/citas-medicas-laravel-actualizado/citas-medicas-laravel/vendor/laravel/framework/src/Illuminate/Session/Middleware/StartSession.php(121): Illuminate/Pipeline/Pipeline->{closure:{closure:Illuminate/Pipeline/Pipeline::carry():184}:185}(Object(Illuminate/Http/Request))
#20 C:/Users/Usuario/Downloads/citas-medicas-laravel-actualizado/citas-medicas-laravel/vendor/laravel/framework/src/Illuminate/Session/Middleware/StartSession.php(64): Illuminate/Session/Middleware/StartSession->handleStatefulRequest(Object(Illuminate/Http/Request), Object(Illuminate/Session/Store), Object(Closure))
#21 C:/Users/Usuario/Downloads/citas-medicas-laravel-actualizado/citas-medicas-laravel/vendor/laravel/framework/src/Illuminate/Pipeline/Pipeline.php(209): Illuminate/Session/Middleware/StartSession->handle(Object(Illuminate/Http/Request), Object(Closure))
#22 C:/Users/Usuario/Downloads/citas-medicas-laravel-actualizado/citas-medicas-laravel/vendor/laravel/framework/src/Illuminate/Cookie/Middleware/AddQueuedCookiesToResponse.php(37): Illuminate/Pipeline/Pipeline->{closure:{closure:Illuminate/Pipeline/Pipeline::carry():184}:185}(Object(Illuminate/Http/Request))
#23 C:/Users/Usuario/Downloads/citas-medicas-laravel-actualizado/citas-medicas-laravel/vendor/laravel/framework/src/Illuminate/Pipeline/Pipeline.php(209): Illuminate/Cookie/Middleware/AddQueuedCookiesToResponse->handle(Object(Illuminate/Http/Request), Object(Closure))
#24 C:/Users/Usuario/Downloads/citas-medicas-laravel-actualizado/citas-medicas-laravel/vendor/laravel/framework/src/Illuminate/Cookie/Middleware/EncryptCookies.php(75): Illuminate/Pipeline/Pipeline->{closure:{closure:Illuminate/Pipeline/Pipeline::carry():184}:185}(Object(Illuminate/Http/Request))
#25 C:/Users/Usuario/Downloads/citas-medicas-laravel-actualizado/citas-medicas-laravel/vendor/laravel/framework/src/Illuminate/Pipeline/Pipeline.php(209): Illuminate/Cookie/Middleware/EncryptCookies->handle(Object(Illuminate/Http/Request), Object(Closure))
#26 C:/Users/Usuario/Downloads/citas-medicas-laravel-actualizado/citas-medicas-laravel/vendor/laravel/framework/src/Illuminate/Pipeline/Pipeline.php(127): Illuminate/Pipeline/Pipeline->{closure:{closure:Illuminate/Pipeline/Pipeline::carry():184}:185}(Object(Illuminate/Http/Request))
#27 C:/Users/Usuario/Downloads/citas-medicas-laravel-actualizado/citas-medicas-laravel/vendor/laravel/framework/src/Illuminate/Routing/Router.php(807): Illuminate/Pipeline/Pipeline->then(Object(Closure))
#28 C:/Users/Usuario/Downloads/citas-medicas-laravel-actualizado/citas-medicas-laravel/vendor/laravel/framework/src/Illuminate/Routing/Router.php(786): Illuminate/Routing/Router->runRouteWithinStack(Object(Illuminate/Routing/Route), Object(Illuminate/Http/Request))
#29 C:/Users/Usuario/Downloads/citas-medicas-laravel-actualizado/citas-medicas-laravel/vendor/laravel/framework/src/Illuminate/Routing/Router.php(750): Illuminate/Routing/Router->runRoute(Object(Illuminate/Http/Request), Object(Illuminate/Routing/Route))
#30 C:/Users/Usuario/Downloads/citas-medicas-laravel-actualizado/citas-medicas-laravel/vendor/laravel/framework/src/Illuminate/Routing/Router.php(739): Illuminate/Routing/Router->dispatchToRoute(Object(Illuminate/Http/Request))
#31 C:/Users/Usuario/Downloads/citas-medicas-laravel-actualizado/citas-medicas-laravel/vendor/laravel/framework/src/Illuminate/Foundation/Http/Kernel.php(201): Illuminate/Routing/Router->dispatch(Object(Illuminate/Http/Request))
#32 C:/Users/Usuario/Downloads/citas-medicas-laravel-actualizado/citas-medicas-laravel/vendor/laravel/framework/src/Illuminate/Pipeline/Pipeline.php(170): Illuminate/Foundation/Http/Kernel->{closure:Illuminate/Foundation/Http/Kernel::dispatchToRouter():198}(Object(Illuminate/Http/Request))
#33 C:/Users/Usuario/Downloads/citas-medicas-laravel-actualizado/citas-medicas-laravel/vendor/laravel/framework/src/Illuminate/Foundation/Http/Middleware/TransformsRequest.php(21): Illuminate/Pipeline/Pipeline->{closure:Illuminate/Pipeline/Pipeline::prepareDestination():168}(Object(Illuminate/Http/Request))
#34 C:/Users/Usuario/Downloads/citas-medicas-laravel-actualizado/citas-medicas-laravel/vendor/laravel/framework/src/Illuminate/Foundation/Http/Middleware/ConvertEmptyStringsToNull.php(31): Illuminate/Foundation/Http/Middleware/TransformsRequest->handle(Object(Illuminate/Http/Request), Object(Closure))
#35 C:/Users/Usuario/Downloads/citas-medicas-laravel-actualizado/citas-medicas-laravel/vendor/laravel/framework/src/Illuminate/Pipeline/Pipeline.php(209): Illuminate/Foundation/Http/Middleware/ConvertEmptyStringsToNull->handle(Object(Illuminate/Http/Request), Object(Closure))
#36 C:/Users/Usuario/Downloads/citas-medicas-laravel-actualizado/citas-medicas-laravel/vendor/laravel/framework/src/Illuminate/Foundation/Http/Middleware/TransformsRequest.php(21): Illuminate/Pipeline/Pipeline->{closure:{closure:Illuminate/Pipeline/Pipeline::carry():184}:185}(Object(Illuminate/Http/Request))
#37 C:/Users/Usuario/Downloads/citas-medicas-laravel-actualizado/citas-medicas-laravel/vendor/laravel/framework/src/Illuminate/Foundation/Http/Middleware/TrimStrings.php(51): Illuminate/Foundation/Http/Middleware/TransformsRequest->handle(Object(Illuminate/Http/Request), Object(Closure))
#38 C:/Users/Usuario/Downloads/citas-medicas-laravel-actualizado/citas-medicas-laravel/vendor/laravel/framework/src/Illuminate/Pipeline/Pipeline.php(209): Illuminate/Foundation/Http/Middleware/TrimStrings->handle(Object(Illuminate/Http/Request), Object(Closure))
#39 C:/Users/Usuario/Downloads/citas-medicas-laravel-actualizado/citas-medicas-laravel/vendor/laravel/framework/src/Illuminate/Http/Middleware/ValidatePostSize.php(27): Illuminate/Pipeline/Pipeline->{closure:{closure:Illuminate/Pipeline/Pipeline::carry():184}:185}(Object(Illuminate/Http/Request))
#40 C:/Users/Usuario/Downloads/citas-medicas-laravel-actualizado/citas-medicas-laravel/vendor/laravel/framework/src/Illuminate/Pipeline/Pipeline.php(209): Illuminate/Http/Middleware/ValidatePostSize->handle(Object(Illuminate/Http/Request), Object(Closure))
#41 C:/Users/Usuario/Downloads/citas-medicas-laravel-actualizado/citas-medicas-laravel/vendor/laravel/framework/src/Illuminate/Foundation/Http/Middleware/PreventRequestsDuringMaintenance.php(110): Illuminate/Pipeline/Pipeline->{closure:{closure:Illuminate/Pipeline/Pipeline::carry():184}:185}(Object(Illuminate/Http/Request))
#42 C:/Users/Usuario/Downloads/citas-medicas-laravel-actualizado/citas-medicas-laravel/vendor/laravel/framework/src/Illuminate/Pipeline/Pipeline.php(209): Illuminate/Foundation/Http/Middleware/PreventRequestsDuringMaintenance->handle(Object(Illuminate/Http/Request), Object(Closure))
#43 C:/Users/Usuario/Downloads/citas-medicas-laravel-actualizado/citas-medicas-laravel/vendor/laravel/framework/src/Illuminate/Http/Middleware/HandleCors.php(49): Illuminate/Pipeline/Pipeline->{closure:{closure:Illuminate/Pipeline/Pipeline::carry():184}:185}(Object(Illuminate/Http/Request))
#44 C:/Users/Usuario/Downloads/citas-medicas-laravel-actualizado/citas-medicas-laravel/vendor/laravel/framework/src/Illuminate/Pipeline/Pipeline.php(209): Illuminate/Http/Middleware/HandleCors->handle(Object(Illuminate/Http/Request), Object(Closure))
#45 C:/Users/Usuario/Downloads/citas-medicas-laravel-actualizado/citas-medicas-laravel/vendor/laravel/framework/src/Illuminate/Http/Middleware/TrustProxies.php(58): Illuminate/Pipeline/Pipeline->{closure:{closure:Illuminate/Pipeline/Pipeline::carry():184}:185}(Object(Illuminate/Http/Request))
#46 C:/Users/Usuario/Downloads/citas-medicas-laravel-actualizado/citas-medicas-laravel/vendor/laravel/framework/src/Illuminate/Pipeline/Pipeline.php(209): Illuminate/Http/Middleware/TrustProxies->handle(Object(Illuminate/Http/Request), Object(Closure))
#47 C:/Users/Usuario/Downloads/citas-medicas-laravel-actualizado/citas-medicas-laravel/vendor/laravel/framework/src/Illuminate/Foundation/Http/Middleware/InvokeDeferredCallbacks.php(22): Illuminate/Pipeline/Pipeline->{closure:{closure:Illuminate/Pipeline/Pipeline::carry():184}:185}(Object(Illuminate/Http/Request))
#48 C:/Users/Usuario/Downloads/citas-medicas-laravel-actualizado/citas-medicas-laravel/vendor/laravel/framework/src/Illuminate/Pipeline/Pipeline.php(209): Illuminate/Foundation/Http/Middleware/InvokeDeferredCallbacks->handle(Object(Illuminate/Http/Request), Object(Closure))
#49 C:/Users/Usuario/Downloads/citas-medicas-laravel-actualizado/citas-medicas-laravel/vendor/laravel/framework/src/Illuminate/Pipeline/Pipeline.php(127): Illuminate/Pipeline/Pipeline->{closure:{closure:Illuminate/Pipeline/Pipeline::carry():184}:185}(Object(Illuminate/Http/Request))
#50 C:/Users/Usuario/Downloads/citas-medicas-laravel-actualizado/citas-medicas-laravel/vendor/laravel/framework/src/Illuminate/Foundation/Http/Kernel.php(176): Illuminate/Pipeline/Pipeline->then(Object(Closure))
#51 C:/Users/Usuario/Downloads/citas-medicas-laravel-actualizado/citas-medicas-laravel/vendor/laravel/framework/src/Illuminate/Foundation/Http/Kernel.php(145): Illuminate/Foundation/Http/Kernel->sendRequestThroughRouter(Object(Illuminate/Http/Request))
#52 C:/Users/Usuario/Downloads/citas-medicas-laravel-actualizado/citas-medicas-laravel/vendor/laravel/framework/src/Illuminate/Foundation/Application.php(1220): Illuminate/Foundation/Http/Kernel->handle(Object(Illuminate/Http/Request))
#53 C:/Users/Usuario/Downloads/citas-medicas-laravel-actualizado/citas-medicas-laravel/public/index.php(21): Illuminate/Foundation/Application->handleRequest(Object(Illuminate/Http/Request))
#54 C:/Users/Usuario/Downloads/citas-medicas-laravel-actualizado/citas-medicas-laravel/vendor/laravel/framework/src/Illuminate/Foundation/resources/server.php(23): require_once('C://Users//Usuari...')
#55 {main}

[previous exception] [object] (ErrorException(code: 0): Undefined variable $email at C:/Users/Usuario/Downloads/citas-medicas-laravel-actualizado/citas-medicas-laravel/storage/framework/views/d1c88c1792a35dc9fd6e6dbbfe34de14.php:12)
[stacktrace]
#0 C:/Users/Usuario/Downloads/citas-medicas-laravel-actualizado/citas-medicas-laravel/vendor/laravel/framework/src/Illuminate/Foundation/Bootstrap/HandleExceptions.php(258): Illuminate/Foundation/Bootstrap/HandleExceptions->handleError(2, 'Undefined varia...', 'C://Users//Usuari...', 12)
#1 C:/Users/Usuario/Downloads/citas-medicas-laravel-actualizado/citas-medicas-laravel/storage/framework/views/d1c88c1792a35dc9fd6e6dbbfe34de14.php(12): Illuminate/Foundation/Bootstrap/HandleExceptions->{closure:Illuminate/Foundation/Bootstrap/HandleExceptions::forwardsTo():257}(2, 'Undefined varia...', 'C://Users//Usuari...', 12)
#2 C:/Users/Usuario/Downloads/citas-medicas-laravel-actualizado/citas-medicas-laravel/vendor/laravel/framework/src/Illuminate/Filesystem/Filesystem.php(123): require('C://Users//Usuari...')
#3 C:/Users/Usuario/Downloads/citas-medicas-laravel-actualizado/citas-medicas-laravel/vendor/laravel/framework/src/Illuminate/Filesystem/Filesystem.php(124): Illuminate/Filesystem/Filesystem::{closure:Illuminate/Filesystem/Filesystem::getRequire():120}()
#4 C:/Users/Usuario/Downloads/citas-medicas-laravel-actualizado/citas-medicas-laravel/vendor/laravel/framework/src/Illuminate/View/Engines/PhpEngine.php(58): Illuminate/Filesystem/Filesystem->getRequire('C://Users//Usuari...', Array)
#5 C:/Users/Usuario/Downloads/citas-medicas-laravel-actualizado/citas-medicas-laravel/vendor/laravel/framework/src/Illuminate/View/Engines/CompilerEngine.php(75): Illuminate/View/Engines/PhpEngine->evaluatePath('C://Users//Usuari...', Array)
#6 C:/Users/Usuario/Downloads/citas-medicas-laravel-actualizado/citas-medicas-laravel/vendor/laravel/framework/src/Illuminate/View/View.php(209): Illuminate/View/Engines/CompilerEngine->get('C://Users//Usuari...', Array)
#7 C:/Users/Usuario/Downloads/citas-medicas-laravel-actualizado/citas-medicas-laravel/vendor/laravel/framework/src/Illuminate/View/View.php(192): Illuminate/View/View->getContents()
#8 C:/Users/Usuario/Downloads/citas-medicas-laravel-actualizado/citas-medicas-laravel/vendor/laravel/framework/src/Illuminate/View/View.php(161): Illuminate/View/View->renderContents()
#9 C:/Users/Usuario/Downloads/citas-medicas-laravel-actualizado/citas-medicas-laravel/vendor/laravel/framework/src/Illuminate/Http/Response.php(79): Illuminate/View/View->render()
#10 C:/Users/Usuario/Downloads/citas-medicas-laravel-actualizado/citas-medicas-laravel/vendor/laravel/framework/src/Illuminate/Http/Response.php(35): Illuminate/Http/Response->setContent(Object(Illuminate/View/View))
#11 C:/Users/Usuario/Downloads/citas-medicas-laravel-actualizado/citas-medicas-laravel/vendor/laravel/framework/src/Illuminate/Routing/Router.php(920): Illuminate/Http/Response->__construct(Object(Illuminate/View/View), 200, Array)
#12 C:/Users/Usuario/Downloads/citas-medicas-laravel-actualizado/citas-medicas-laravel/vendor/laravel/framework/src/Illuminate/Routing/Router.php(887): Illuminate/Routing/Router::toResponse(Object(Illuminate/Http/Request), Object(Illuminate/View/View))
#13 C:/Users/Usuario/Downloads/citas-medicas-laravel-actualizado/citas-medicas-laravel/vendor/laravel/framework/src/Illuminate/Routing/Router.php(807): Illuminate/Routing/Router->prepareResponse(Object(Illuminate/Http/Request), Object(Illuminate/View/View))
#14 C:/Users/Usuario/Downloads/citas-medicas-laravel-actualizado/citas-medicas-laravel/vendor/laravel/framework/src/Illuminate/Pipeline/Pipeline.php(170): Illuminate/Routing/Router->{closure:Illuminate/Routing/Router::runRouteWithinStack():807}(Object(Illuminate/Http/Request))
#15 C:/Users/Usuario/Downloads/citas-medicas-laravel-actualizado/citas-medicas-laravel/vendor/laravel/framework/src/Illuminate/Auth/Middleware/RedirectIfAuthenticated.php(35): Illuminate/Pipeline/Pipeline->{closure:Illuminate/Pipeline/Pipeline::prepareDestination():168}(Object(Illuminate/Http/Request))
#16 C:/Users/Usuario/Downloads/citas-medicas-laravel-actualizado/citas-medicas-laravel/vendor/laravel/framework/src/Illuminate/Pipeline/Pipeline.php(209): Illuminate/Auth/Middleware/RedirectIfAuthenticated->handle(Object(Illuminate/Http/Request), Object(Closure))
#17 C:/Users/Usuario/Downloads/citas-medicas-laravel-actualizado/citas-medicas-laravel/vendor/laravel/framework/src/Illuminate/Routing/Middleware/SubstituteBindings.php(51): Illuminate/Pipeline/Pipeline->{closure:{closure:Illuminate/Pipeline/Pipeline::carry():184}:185}(Object(Illuminate/Http/Request))
#18 C:/Users/Usuario/Downloads/citas-medicas-laravel-actualizado/citas-medicas-laravel/vendor/laravel/framework/src/Illuminate/Pipeline/Pipeline.php(209): Illuminate/Routing/Middleware/SubstituteBindings->handle(Object(Illuminate/Http/Request), Object(Closure))
#19 C:/Users/Usuario/Downloads/citas-medicas-laravel-actualizado/citas-medicas-laravel/vendor/laravel/framework/src/Illuminate/Foundation/Http/Middleware/VerifyCsrfToken.php(88): Illuminate/Pipeline/Pipeline->{closure:{closure:Illuminate/Pipeline/Pipeline::carry():184}:185}(Object(Illuminate/Http/Request))
#20 C:/Users/Usuario/Downloads/citas-medicas-laravel-actualizado/citas-medicas-laravel/vendor/laravel/framework/src/Illuminate/Pipeline/Pipeline.php(209): Illuminate/Foundation/Http/Middleware/VerifyCsrfToken->handle(Object(Illuminate/Http/Request), Object(Closure))
#21 C:/Users/Usuario/Downloads/citas-medicas-laravel-actualizado/citas-medicas-laravel/vendor/laravel/framework/src/Illuminate/View/Middleware/ShareErrorsFromSession.php(49): Illuminate/Pipeline/Pipeline->{closure:{closure:Illuminate/Pipeline/Pipeline::carry():184}:185}(Object(Illuminate/Http/Request))
#22 C:/Users/Usuario/Downloads/citas-medicas-laravel-actualizado/citas-medicas-laravel/vendor/laravel/framework/src/Illuminate/Pipeline/Pipeline.php(209): Illuminate/View/Middleware/ShareErrorsFromSession->handle(Object(Illuminate/Http/Request), Object(Closure))
#23 C:/Users/Usuario/Downloads/citas-medicas-laravel-actualizado/citas-medicas-laravel/vendor/laravel/framework/src/Illuminate/Session/Middleware/StartSession.php(121): Illuminate/Pipeline/Pipeline->{closure:{closure:Illuminate/Pipeline/Pipeline::carry():184}:185}(Object(Illuminate/Http/Request))
#24 C:/Users/Usuario/Downloads/citas-medicas-laravel-actualizado/citas-medicas-laravel/vendor/laravel/framework/src/Illuminate/Session/Middleware/StartSession.php(64): Illuminate/Session/Middleware/StartSession->handleStatefulRequest(Object(Illuminate/Http/Request), Object(Illuminate/Session/Store), Object(Closure))
#25 C:/Users/Usuario/Downloads/citas-medicas-laravel-actualizado/citas-medicas-laravel/vendor/laravel/framework/src/Illuminate/Pipeline/Pipeline.php(209): Illuminate/Session/Middleware/StartSession->handle(Object(Illuminate/Http/Request), Object(Closure))
#26 C:/Users/Usuario/Downloads/citas-medicas-laravel-actualizado/citas-medicas-laravel/vendor/laravel/framework/src/Illuminate/Cookie/Middleware/AddQueuedCookiesToResponse.php(37): Illuminate/Pipeline/Pipeline->{closure:{closure:Illuminate/Pipeline/Pipeline::carry():184}:185}(Object(Illuminate/Http/Request))
#27 C:/Users/Usuario/Downloads/citas-medicas-laravel-actualizado/citas-medicas-laravel/vendor/laravel/framework/src/Illuminate/Pipeline/Pipeline.php(209): Illuminate/Cookie/Middleware/AddQueuedCookiesToResponse->handle(Object(Illuminate/Http/Request), Object(Closure))
#28 C:/Users/Usuario/Downloads/citas-medicas-laravel-actualizado/citas-medicas-laravel/vendor/laravel/framework/src/Illuminate/Cookie/Middleware/EncryptCookies.php(75): Illuminate/Pipeline/Pipeline->{closure:{closure:Illuminate/Pipeline/Pipeline::carry():184}:185}(Object(Illuminate/Http/Request))
#29 C:/Users/Usuario/Downloads/citas-medicas-laravel-actualizado/citas-medicas-laravel/vendor/laravel/framework/src/Illuminate/Pipeline/Pipeline.php(209): Illuminate/Cookie/Middleware/EncryptCookies->handle(Object(Illuminate/Http/Request), Object(Closure))
#30 C:/Users/Usuario/Downloads/citas-medicas-laravel-actualizado/citas-medicas-laravel/vendor/laravel/framework/src/Illuminate/Pipeline/Pipeline.php(127): Illuminate/Pipeline/Pipeline->{closure:{closure:Illuminate/Pipeline/Pipeline::carry():184}:185}(Object(Illuminate/Http/Request))
#31 C:/Users/Usuario/Downloads/citas-medicas-laravel-actualizado/citas-medicas-laravel/vendor/laravel/framework/src/Illuminate/Routing/Router.php(807): Illuminate/Pipeline/Pipeline->then(Object(Closure))
#32 C:/Users/Usuario/Downloads/citas-medicas-laravel-actualizado/citas-medicas-laravel/vendor/laravel/framework/src/Illuminate/Routing/Router.php(786): Illuminate/Routing/Router->runRouteWithinStack(Object(Illuminate/Routing/Route), Object(Illuminate/Http/Request))
#33 C:/Users/Usuario/Downloads/citas-medicas-laravel-actualizado/citas-medicas-laravel/vendor/laravel/framework/src/Illuminate/Routing/Router.php(750): Illuminate/Routing/Router->runRoute(Object(Illuminate/Http/Request), Object(Illuminate/Routing/Route))
#34 C:/Users/Usuario/Downloads/citas-medicas-laravel-actualizado/citas-medicas-laravel/vendor/laravel/framework/src/Illuminate/Routing/Router.php(739): Illuminate/Routing/Router->dispatchToRoute(Object(Illuminate/Http/Request))
#35 C:/Users/Usuario/Downloads/citas-medicas-laravel-actualizado/citas-medicas-laravel/vendor/laravel/framework/src/Illuminate/Foundation/Http/Kernel.php(201): Illuminate/Routing/Router->dispatch(Object(Illuminate/Http/Request))
#36 C:/Users/Usuario/Downloads/citas-medicas-laravel-actualizado/citas-medicas-laravel/vendor/laravel/framework/src/Illuminate/Pipeline/Pipeline.php(170): Illuminate/Foundation/Http/Kernel->{closure:Illuminate/Foundation/Http/Kernel::dispatchToRouter():198}(Object(Illuminate/Http/Request))
#37 C:/Users/Usuario/Downloads/citas-medicas-laravel-actualizado/citas-medicas-laravel/vendor/laravel/framework/src/Illuminate/Foundation/Http/Middleware/TransformsRequest.php(21): Illuminate/Pipeline/Pipeline->{closure:Illuminate/Pipeline/Pipeline::prepareDestination():168}(Object(Illuminate/Http/Request))
#38 C:/Users/Usuario/Downloads/citas-medicas-laravel-actualizado/citas-medicas-laravel/vendor/laravel/framework/src/Illuminate/Foundation/Http/Middleware/ConvertEmptyStringsToNull.php(31): Illuminate/Foundation/Http/Middleware/TransformsRequest->handle(Object(Illuminate/Http/Request), Object(Closure))
#39 C:/Users/Usuario/Downloads/citas-medicas-laravel-actualizado/citas-medicas-laravel/vendor/laravel/framework/src/Illuminate/Pipeline/Pipeline.php(209): Illuminate/Foundation/Http/Middleware/ConvertEmptyStringsToNull->handle(Object(Illuminate/Http/Request), Object(Closure))
#40 C:/Users/Usuario/Downloads/citas-medicas-laravel-actualizado/citas-medicas-laravel/vendor/laravel/framework/src/Illuminate/Foundation/Http/Middleware/TransformsRequest.php(21): Illuminate/Pipeline/Pipeline->{closure:{closure:Illuminate/Pipeline/Pipeline::carry():184}:185}(Object(Illuminate/Http/Request))
#41 C:/Users/Usuario/Downloads/citas-medicas-laravel-actualizado/citas-medicas-laravel/vendor/laravel/framework/src/Illuminate/Foundation/Http/Middleware/TrimStrings.php(51): Illuminate/Foundation/Http/Middleware/TransformsRequest->handle(Object(Illuminate/Http/Request), Object(Closure))
#42 C:/Users/Usuario/Downloads/citas-medicas-laravel-actualizado/citas-medicas-laravel/vendor/laravel/framework/src/Illuminate/Pipeline/Pipeline.php(209): Illuminate/Foundation/Http/Middleware/TrimStrings->handle(Object(Illuminate/Http/Request), Object(Closure))
#43 C:/Users/Usuario/Downloads/citas-medicas-laravel-actualizado/citas-medicas-laravel/vendor/laravel/framework/src/Illuminate/Http/Middleware/ValidatePostSize.php(27): Illuminate/Pipeline/Pipeline->{closure:{closure:Illuminate/Pipeline/Pipeline::carry():184}:185}(Object(Illuminate/Http/Request))
#44 C:/Users/Usuario/Downloads/citas-medicas-laravel-actualizado/citas-medicas-laravel/vendor/laravel/framework/src/Illuminate/Pipeline/Pipeline.php(209): Illuminate/Http/Middleware/ValidatePostSize->handle(Object(Illuminate/Http/Request), Object(Closure))
#45 C:/Users/Usuario/Downloads/citas-medicas-laravel-actualizado/citas-medicas-laravel/vendor/laravel/framework/src/Illuminate/Foundation/Http/Middleware/PreventRequestsDuringMaintenance.php(110): Illuminate/Pipeline/Pipeline->{closure:{closure:Illuminate/Pipeline/Pipeline::carry():184}:185}(Object(Illuminate/Http/Request))
#46 C:/Users/Usuario/Downloads/citas-medicas-laravel-actualizado/citas-medicas-laravel/vendor/laravel/framework/src/Illuminate/Pipeline/Pipeline.php(209): Illuminate/Foundation/Http/Middleware/PreventRequestsDuringMaintenance->handle(Object(Illuminate/Http/Request), Object(Closure))
#47 C:/Users/Usuario/Downloads/citas-medicas-laravel-actualizado/citas-medicas-laravel/vendor/laravel/framework/src/Illuminate/Http/Middleware/HandleCors.php(49): Illuminate/Pipeline/Pipeline->{closure:{closure:Illuminate/Pipeline/Pipeline::carry():184}:185}(Object(Illuminate/Http/Request))
#48 C:/Users/Usuario/Downloads/citas-medicas-laravel-actualizado/citas-medicas-laravel/vendor/laravel/framework/src/Illuminate/Pipeline/Pipeline.php(209): Illuminate/Http/Middleware/HandleCors->handle(Object(Illuminate/Http/Request), Object(Closure))
#49 C:/Users/Usuario/Downloads/citas-medicas-laravel-actualizado/citas-medicas-laravel/vendor/laravel/framework/src/Illuminate/Http/Middleware/TrustProxies.php(58): Illuminate/Pipeline/Pipeline->{closure:{closure:Illuminate/Pipeline/Pipeline::carry():184}:185}(Object(Illuminate/Http/Request))
#50 C:/Users/Usuario/Downloads/citas-medicas-laravel-actualizado/citas-medicas-laravel/vendor/laravel/framework/src/Illuminate/Pipeline/Pipeline.php(209): Illuminate/Http/Middleware/TrustProxies->handle(Object(Illuminate/Http/Request), Object(Closure))
#51 C:/Users/Usuario/Downloads/citas-medicas-laravel-actualizado/citas-medicas-laravel/vendor/laravel/framework/src/Illuminate/Foundation/Http/Middleware/InvokeDeferredCallbacks.php(22): Illuminate/Pipeline/Pipeline->{closure:{closure:Illuminate/Pipeline/Pipeline::carry():184}:185}(Object(Illuminate/Http/Request))
#52 C:/Users/Usuario/Downloads/citas-medicas-laravel-actualizado/citas-medicas-laravel/vendor/laravel/framework/src/Illuminate/Pipeline/Pipeline.php(209): Illuminate/Foundation/Http/Middleware/InvokeDeferredCallbacks->handle(Object(Illuminate/Http/Request), Object(Closure))
#53 C:/Users/Usuario/Downloads/citas-medicas-laravel-actualizado/citas-medicas-laravel/vendor/laravel/framework/src/Illuminate/Pipeline/Pipeline.php(127): Illuminate/Pipeline/Pipeline->{closure:{closure:Illuminate/Pipeline/Pipeline::carry():184}:185}(Object(Illuminate/Http/Request))
#54 C:/Users/Usuario/Downloads/citas-medicas-laravel-actualizado/citas-medicas-laravel/vendor/laravel/framework/src/Illuminate/Foundation/Http/Kernel.php(176): Illuminate/Pipeline/Pipeline->then(Object(Closure))
#55 C:/Users/Usuario/Downloads/citas-medicas-laravel-actualizado/citas-medicas-laravel/vendor/laravel/framework/src/Illuminate/Foundation/Http/Kernel.php(145): Illuminate/Foundation/Http/Kernel->sendRequestThroughRouter(Object(Illuminate/Http/Request))
#56 C:/Users/Usuario/Downloads/citas-medicas-laravel-actualizado/citas-medicas-laravel/vendor/laravel/framework/src/Illuminate/Foundation/Application.php(1220): Illuminate/Foundation/Http/Kernel->handle(Object(Illuminate/Http/Request))
#57 C:/Users/Usuario/Downloads/citas-medicas-laravel-actualizado/citas-medicas-laravel/public/index.php(21): Illuminate/Foundation/Application->handleRequest(Object(Illuminate/Http/Request))
#58 C:/Users/Usuario/Downloads/citas-medicas-laravel-actualizado/citas-medicas-laravel/vendor/laravel/framework/src/Illuminate/Foundation/resources/server.php(23): require_once('C://Users//Usuari...')
#59 {main}
"} 
[2026-07-24 23:55:55] local.ERROR: Excepcion no controlada: No arguments expected for "serve" command, got "php". {"excepcion":"Symfony\\Component\\Console\\Exception\\RuntimeException","usuario_id":null,"url":"http://localhost","metodo":"GET","archivo":"C:\\Users\\Usuario\\Downloads\\citas-medicas-laravel-actualizado\\citas-medicas-laravel\\vendor\\symfony\\console\\Input\\ArgvInput.php:199"} 
[2026-07-24 23:55:55] local.ERROR: No arguments expected for "serve" command, got "php". {"exception":"[object] (Symfony\\Component\\Console\\Exception\\RuntimeException(code: 0): No arguments expected for \"serve\" command, got \"php\". at C:/Users/Usuario/Downloads/citas-medicas-laravel-actualizado/citas-medicas-laravel/vendor/symfony/console/Input/ArgvInput.php:199)
[stacktrace]
#0 C:/Users/Usuario/Downloads/citas-medicas-laravel-actualizado/citas-medicas-laravel/vendor/symfony/console/Input/ArgvInput.php(92): Symfony/Component/Console/Input/ArgvInput->parseArgument('php')
#1 C:/Users/Usuario/Downloads/citas-medicas-laravel-actualizado/citas-medicas-laravel/vendor/symfony/console/Input/ArgvInput.php(77): Symfony/Component/Console/Input/ArgvInput->parseToken('php', true)
#2 C:/Users/Usuario/Downloads/citas-medicas-laravel-actualizado/citas-medicas-laravel/vendor/symfony/console/Input/Input.php(53): Symfony/Component/Console/Input/ArgvInput->parse()
#3 C:/Users/Usuario/Downloads/citas-medicas-laravel-actualizado/citas-medicas-laravel/vendor/symfony/console/Command/Command.php(295): Symfony/Component/Console/Input/Input->bind(Object(Symfony/Component/Console/Input/InputDefinition))
#4 C:/Users/Usuario/Downloads/citas-medicas-laravel-actualizado/citas-medicas-laravel/vendor/laravel/framework/src/Illuminate/Console/Command.php(182): Symfony/Component/Console/Command/Command->run(Object(Symfony/Component/Console/Input/ArgvInput), Object(Illuminate/Console/OutputStyle))
#5 C:/Users/Usuario/Downloads/citas-medicas-laravel-actualizado/citas-medicas-laravel/vendor/symfony/console/Application.php(1117): Illuminate/Console/Command->run(Object(Symfony/Component/Console/Input/ArgvInput), Object(Symfony/Component/Console/Output/ConsoleOutput))
#6 C:/Users/Usuario/Downloads/citas-medicas-laravel-actualizado/citas-medicas-laravel/vendor/symfony/console/Application.php(356): Symfony/Component/Console/Application->doRunCommand(Object(Illuminate/Foundation/Console/ServeCommand), Object(Symfony/Component/Console/Input/ArgvInput), Object(Symfony/Component/Console/Output/ConsoleOutput))
#7 C:/Users/Usuario/Downloads/citas-medicas-laravel-actualizado/citas-medicas-laravel/vendor/symfony/console/Application.php(195): Symfony/Component/Console/Application->doRun(Object(Symfony/Component/Console/Input/ArgvInput), Object(Symfony/Component/Console/Output/ConsoleOutput))
#8 C:/Users/Usuario/Downloads/citas-medicas-laravel-actualizado/citas-medicas-laravel/vendor/laravel/framework/src/Illuminate/Foundation/Console/Kernel.php(198): Symfony/Component/Console/Application->run(Object(Symfony/Component/Console/Input/ArgvInput), Object(Symfony/Component/Console/Output/ConsoleOutput))
#9 C:/Users/Usuario/Downloads/citas-medicas-laravel-actualizado/citas-medicas-laravel/vendor/laravel/framework/src/Illuminate/Foundation/Application.php(1235): Illuminate/Foundation/Console/Kernel->handle(Object(Symfony/Component/Console/Input/ArgvInput), Object(Symfony/Component/Console/Output/ConsoleOutput))
#10 C:/Users/Usuario/Downloads/citas-medicas-laravel-actualizado/citas-medicas-laravel/artisan(16): Illuminate/Foundation/Application->handleCommand(Object(Symfony/Component/Console/Input/ArgvInput))
#11 {main}
"} 
[2026-07-24 23:56:20] local.ERROR: Excepcion no controlada: Undefined variable $email (View: C:\Users\Usuario\Downloads\citas-medicas-laravel-actualizado\citas-medicas-laravel\resources\views\auth\olvide-password.blade.php) {"excepcion":"Illuminate\\View\\ViewException","usuario_id":null,"url":"http://127.0.0.1:8000/password/olvide","metodo":"GET","archivo":"C:\\Users\\Usuario\\Downloads\\citas-medicas-laravel-actualizado\\citas-medicas-laravel\\storage\\framework\\views\\d1c88c1792a35dc9fd6e6dbbfe34de14.php:12"} 
[2026-07-24 23:56:20] local.ERROR: Undefined variable $email (View: C:\Users\Usuario\Downloads\citas-medicas-laravel-actualizado\citas-medicas-laravel\resources\views\auth\olvide-password.blade.php) {"exception":"[object] (Illuminate\\View\\ViewException(code: 0): Undefined variable $email (View: C:\\Users\\Usuario\\Downloads\\citas-medicas-laravel-actualizado\\citas-medicas-laravel\\resources\\views\\auth\\olvide-password.blade.php) at C:/Users/Usuario/Downloads/citas-medicas-laravel-actualizado/citas-medicas-laravel/storage/framework/views/d1c88c1792a35dc9fd6e6dbbfe34de14.php:12)
[stacktrace]
#0 C:/Users/Usuario/Downloads/citas-medicas-laravel-actualizado/citas-medicas-laravel/vendor/laravel/framework/src/Illuminate/View/Engines/PhpEngine.php(60): Illuminate/View/Engines/CompilerEngine->handleViewException(Object(ErrorException), 1)
#1 C:/Users/Usuario/Downloads/citas-medicas-laravel-actualizado/citas-medicas-laravel/vendor/laravel/framework/src/Illuminate/View/Engines/CompilerEngine.php(75): Illuminate/View/Engines/PhpEngine->evaluatePath('C://Users//Usuari...', Array)
#2 C:/Users/Usuario/Downloads/citas-medicas-laravel-actualizado/citas-medicas-laravel/vendor/laravel/framework/src/Illuminate/View/View.php(209): Illuminate/View/Engines/CompilerEngine->get('C://Users//Usuari...', Array)
#3 C:/Users/Usuario/Downloads/citas-medicas-laravel-actualizado/citas-medicas-laravel/vendor/laravel/framework/src/Illuminate/View/View.php(192): Illuminate/View/View->getContents()
#4 C:/Users/Usuario/Downloads/citas-medicas-laravel-actualizado/citas-medicas-laravel/vendor/laravel/framework/src/Illuminate/View/View.php(161): Illuminate/View/View->renderContents()
#5 C:/Users/Usuario/Downloads/citas-medicas-laravel-actualizado/citas-medicas-laravel/vendor/laravel/framework/src/Illuminate/Http/Response.php(79): Illuminate/View/View->render()
#6 C:/Users/Usuario/Downloads/citas-medicas-laravel-actualizado/citas-medicas-laravel/vendor/laravel/framework/src/Illuminate/Http/Response.php(35): Illuminate/Http/Response->setContent(Object(Illuminate/View/View))
#7 C:/Users/Usuario/Downloads/citas-medicas-laravel-actualizado/citas-medicas-laravel/vendor/laravel/framework/src/Illuminate/Routing/Router.php(920): Illuminate/Http/Response->__construct(Object(Illuminate/View/View), 200, Array)
#8 C:/Users/Usuario/Downloads/citas-medicas-laravel-actualizado/citas-medicas-laravel/vendor/laravel/framework/src/Illuminate/Routing/Router.php(887): Illuminate/Routing/Router::toResponse(Object(Illuminate/Http/Request), Object(Illuminate/View/View))
#9 C:/Users/Usuario/Downloads/citas-medicas-laravel-actualizado/citas-medicas-laravel/vendor/laravel/framework/src/Illuminate/Routing/Router.php(807): Illuminate/Routing/Router->prepareResponse(Object(Illuminate/Http/Request), Object(Illuminate/View/View))
#10 C:/Users/Usuario/Downloads/citas-medicas-laravel-actualizado/citas-medicas-laravel/vendor/laravel/framework/src/Illuminate/Pipeline/Pipeline.php(170): Illuminate/Routing/Router->{closure:Illuminate/Routing/Router::runRouteWithinStack():807}(Object(Illuminate/Http/Request))
#11 C:/Users/Usuario/Downloads/citas-medicas-laravel-actualizado/citas-medicas-laravel/vendor/laravel/framework/src/Illuminate/Auth/Middleware/RedirectIfAuthenticated.php(35): Illuminate/Pipeline/Pipeline->{closure:Illuminate/Pipeline/Pipeline::prepareDestination():168}(Object(Illuminate/Http/Request))
#12 C:/Users/Usuario/Downloads/citas-medicas-laravel-actualizado/citas-medicas-laravel/vendor/laravel/framework/src/Illuminate/Pipeline/Pipeline.php(209): Illuminate/Auth/Middleware/RedirectIfAuthenticated->handle(Object(Illuminate/Http/Request), Object(Closure))
#13 C:/Users/Usuario/Downloads/citas-medicas-laravel-actualizado/citas-medicas-laravel/vendor/laravel/framework/src/Illuminate/Routing/Middleware/SubstituteBindings.php(51): Illuminate/Pipeline/Pipeline->{closure:{closure:Illuminate/Pipeline/Pipeline::carry():184}:185}(Object(Illuminate/Http/Request))
#14 C:/Users/Usuario/Downloads/citas-medicas-laravel-actualizado/citas-medicas-laravel/vendor/laravel/framework/src/Illuminate/Pipeline/Pipeline.php(209): Illuminate/Routing/Middleware/SubstituteBindings->handle(Object(Illuminate/Http/Request), Object(Closure))
#15 C:/Users/Usuario/Downloads/citas-medicas-laravel-actualizado/citas-medicas-laravel/vendor/laravel/framework/src/Illuminate/Foundation/Http/Middleware/VerifyCsrfToken.php(88): Illuminate/Pipeline/Pipeline->{closure:{closure:Illuminate/Pipeline/Pipeline::carry():184}:185}(Object(Illuminate/Http/Request))
#16 C:/Users/Usuario/Downloads/citas-medicas-laravel-actualizado/citas-medicas-laravel/vendor/laravel/framework/src/Illuminate/Pipeline/Pipeline.php(209): Illuminate/Foundation/Http/Middleware/VerifyCsrfToken->handle(Object(Illuminate/Http/Request), Object(Closure))
#17 C:/Users/Usuario/Downloads/citas-medicas-laravel-actualizado/citas-medicas-laravel/vendor/laravel/framework/src/Illuminate/View/Middleware/ShareErrorsFromSession.php(49): Illuminate/Pipeline/Pipeline->{closure:{closure:Illuminate/Pipeline/Pipeline::carry():184}:185}(Object(Illuminate/Http/Request))
#18 C:/Users/Usuario/Downloads/citas-medicas-laravel-actualizado/citas-medicas-laravel/vendor/laravel/framework/src/Illuminate/Pipeline/Pipeline.php(209): Illuminate/View/Middleware/ShareErrorsFromSession->handle(Object(Illuminate/Http/Request), Object(Closure))
#19 C:/Users/Usuario/Downloads/citas-medicas-laravel-actualizado/citas-medicas-laravel/vendor/laravel/framework/src/Illuminate/Session/Middleware/StartSession.php(121): Illuminate/Pipeline/Pipeline->{closure:{closure:Illuminate/Pipeline/Pipeline::carry():184}:185}(Object(Illuminate/Http/Request))
#20 C:/Users/Usuario/Downloads/citas-medicas-laravel-actualizado/citas-medicas-laravel/vendor/laravel/framework/src/Illuminate/Session/Middleware/StartSession.php(64): Illuminate/Session/Middleware/StartSession->handleStatefulRequest(Object(Illuminate/Http/Request), Object(Illuminate/Session/Store), Object(Closure))
#21 C:/Users/Usuario/Downloads/citas-medicas-laravel-actualizado/citas-medicas-laravel/vendor/laravel/framework/src/Illuminate/Pipeline/Pipeline.php(209): Illuminate/Session/Middleware/StartSession->handle(Object(Illuminate/Http/Request), Object(Closure))
#22 C:/Users/Usuario/Downloads/citas-medicas-laravel-actualizado/citas-medicas-laravel/vendor/laravel/framework/src/Illuminate/Cookie/Middleware/AddQueuedCookiesToResponse.php(37): Illuminate/Pipeline/Pipeline->{closure:{closure:Illuminate/Pipeline/Pipeline::carry():184}:185}(Object(Illuminate/Http/Request))
#23 C:/Users/Usuario/Downloads/citas-medicas-laravel-actualizado/citas-medicas-laravel/vendor/laravel/framework/src/Illuminate/Pipeline/Pipeline.php(209): Illuminate/Cookie/Middleware/AddQueuedCookiesToResponse->handle(Object(Illuminate/Http/Request), Object(Closure))
#24 C:/Users/Usuario/Downloads/citas-medicas-laravel-actualizado/citas-medicas-laravel/vendor/laravel/framework/src/Illuminate/Cookie/Middleware/EncryptCookies.php(75): Illuminate/Pipeline/Pipeline->{closure:{closure:Illuminate/Pipeline/Pipeline::carry():184}:185}(Object(Illuminate/Http/Request))
#25 C:/Users/Usuario/Downloads/citas-medicas-laravel-actualizado/citas-medicas-laravel/vendor/laravel/framework/src/Illuminate/Pipeline/Pipeline.php(209): Illuminate/Cookie/Middleware/EncryptCookies->handle(Object(Illuminate/Http/Request), Object(Closure))
#26 C:/Users/Usuario/Downloads/citas-medicas-laravel-actualizado/citas-medicas-laravel/vendor/laravel/framework/src/Illuminate/Pipeline/Pipeline.php(127): Illuminate/Pipeline/Pipeline->{closure:{closure:Illuminate/Pipeline/Pipeline::carry():184}:185}(Object(Illuminate/Http/Request))
#27 C:/Users/Usuario/Downloads/citas-medicas-laravel-actualizado/citas-medicas-laravel/vendor/laravel/framework/src/Illuminate/Routing/Router.php(807): Illuminate/Pipeline/Pipeline->then(Object(Closure))
#28 C:/Users/Usuario/Downloads/citas-medicas-laravel-actualizado/citas-medicas-laravel/vendor/laravel/framework/src/Illuminate/Routing/Router.php(786): Illuminate/Routing/Router->runRouteWithinStack(Object(Illuminate/Routing/Route), Object(Illuminate/Http/Request))
#29 C:/Users/Usuario/Downloads/citas-medicas-laravel-actualizado/citas-medicas-laravel/vendor/laravel/framework/src/Illuminate/Routing/Router.php(750): Illuminate/Routing/Router->runRoute(Object(Illuminate/Http/Request), Object(Illuminate/Routing/Route))
#30 C:/Users/Usuario/Downloads/citas-medicas-laravel-actualizado/citas-medicas-laravel/vendor/laravel/framework/src/Illuminate/Routing/Router.php(739): Illuminate/Routing/Router->dispatchToRoute(Object(Illuminate/Http/Request))
#31 C:/Users/Usuario/Downloads/citas-medicas-laravel-actualizado/citas-medicas-laravel/vendor/laravel/framework/src/Illuminate/Foundation/Http/Kernel.php(201): Illuminate/Routing/Router->dispatch(Object(Illuminate/Http/Request))
#32 C:/Users/Usuario/Downloads/citas-medicas-laravel-actualizado/citas-medicas-laravel/vendor/laravel/framework/src/Illuminate/Pipeline/Pipeline.php(170): Illuminate/Foundation/Http/Kernel->{closure:Illuminate/Foundation/Http/Kernel::dispatchToRouter():198}(Object(Illuminate/Http/Request))
#33 C:/Users/Usuario/Downloads/citas-medicas-laravel-actualizado/citas-medicas-laravel/vendor/laravel/framework/src/Illuminate/Foundation/Http/Middleware/TransformsRequest.php(21): Illuminate/Pipeline/Pipeline->{closure:Illuminate/Pipeline/Pipeline::prepareDestination():168}(Object(Illuminate/Http/Request))
#34 C:/Users/Usuario/Downloads/citas-medicas-laravel-actualizado/citas-medicas-laravel/vendor/laravel/framework/src/Illuminate/Foundation/Http/Middleware/ConvertEmptyStringsToNull.php(31): Illuminate/Foundation/Http/Middleware/TransformsRequest->handle(Object(Illuminate/Http/Request), Object(Closure))
#35 C:/Users/Usuario/Downloads/citas-medicas-laravel-actualizado/citas-medicas-laravel/vendor/laravel/framework/src/Illuminate/Pipeline/Pipeline.php(209): Illuminate/Foundation/Http/Middleware/ConvertEmptyStringsToNull->handle(Object(Illuminate/Http/Request), Object(Closure))
#36 C:/Users/Usuario/Downloads/citas-medicas-laravel-actualizado/citas-medicas-laravel/vendor/laravel/framework/src/Illuminate/Foundation/Http/Middleware/TransformsRequest.php(21): Illuminate/Pipeline/Pipeline->{closure:{closure:Illuminate/Pipeline/Pipeline::carry():184}:185}(Object(Illuminate/Http/Request))
#37 C:/Users/Usuario/Downloads/citas-medicas-laravel-actualizado/citas-medicas-laravel/vendor/laravel/framework/src/Illuminate/Foundation/Http/Middleware/TrimStrings.php(51): Illuminate/Foundation/Http/Middleware/TransformsRequest->handle(Object(Illuminate/Http/Request), Object(Closure))
#38 C:/Users/Usuario/Downloads/citas-medicas-laravel-actualizado/citas-medicas-laravel/vendor/laravel/framework/src/Illuminate/Pipeline/Pipeline.php(209): Illuminate/Foundation/Http/Middleware/TrimStrings->handle(Object(Illuminate/Http/Request), Object(Closure))
#39 C:/Users/Usuario/Downloads/citas-medicas-laravel-actualizado/citas-medicas-laravel/vendor/laravel/framework/src/Illuminate/Http/Middleware/ValidatePostSize.php(27): Illuminate/Pipeline/Pipeline->{closure:{closure:Illuminate/Pipeline/Pipeline::carry():184}:185}(Object(Illuminate/Http/Request))
#40 C:/Users/Usuario/Downloads/citas-medicas-laravel-actualizado/citas-medicas-laravel/vendor/laravel/framework/src/Illuminate/Pipeline/Pipeline.php(209): Illuminate/Http/Middleware/ValidatePostSize->handle(Object(Illuminate/Http/Request), Object(Closure))
#41 C:/Users/Usuario/Downloads/citas-medicas-laravel-actualizado/citas-medicas-laravel/vendor/laravel/framework/src/Illuminate/Foundation/Http/Middleware/PreventRequestsDuringMaintenance.php(110): Illuminate/Pipeline/Pipeline->{closure:{closure:Illuminate/Pipeline/Pipeline::carry():184}:185}(Object(Illuminate/Http/Request))
#42 C:/Users/Usuario/Downloads/citas-medicas-laravel-actualizado/citas-medicas-laravel/vendor/laravel/framework/src/Illuminate/Pipeline/Pipeline.php(209): Illuminate/Foundation/Http/Middleware/PreventRequestsDuringMaintenance->handle(Object(Illuminate/Http/Request), Object(Closure))
#43 C:/Users/Usuario/Downloads/citas-medicas-laravel-actualizado/citas-medicas-laravel/vendor/laravel/framework/src/Illuminate/Http/Middleware/HandleCors.php(49): Illuminate/Pipeline/Pipeline->{closure:{closure:Illuminate/Pipeline/Pipeline::carry():184}:185}(Object(Illuminate/Http/Request))
#44 C:/Users/Usuario/Downloads/citas-medicas-laravel-actualizado/citas-medicas-laravel/vendor/laravel/framework/src/Illuminate/Pipeline/Pipeline.php(209): Illuminate/Http/Middleware/HandleCors->handle(Object(Illuminate/Http/Request), Object(Closure))
#45 C:/Users/Usuario/Downloads/citas-medicas-laravel-actualizado/citas-medicas-laravel/vendor/laravel/framework/src/Illuminate/Http/Middleware/TrustProxies.php(58): Illuminate/Pipeline/Pipeline->{closure:{closure:Illuminate/Pipeline/Pipeline::carry():184}:185}(Object(Illuminate/Http/Request))
#46 C:/Users/Usuario/Downloads/citas-medicas-laravel-actualizado/citas-medicas-laravel/vendor/laravel/framework/src/Illuminate/Pipeline/Pipeline.php(209): Illuminate/Http/Middleware/TrustProxies->handle(Object(Illuminate/Http/Request), Object(Closure))
#47 C:/Users/Usuario/Downloads/citas-medicas-laravel-actualizado/citas-medicas-laravel/vendor/laravel/framework/src/Illuminate/Foundation/Http/Middleware/InvokeDeferredCallbacks.php(22): Illuminate/Pipeline/Pipeline->{closure:{closure:Illuminate/Pipeline/Pipeline::carry():184}:185}(Object(Illuminate/Http/Request))
#48 C:/Users/Usuario/Downloads/citas-medicas-laravel-actualizado/citas-medicas-laravel/vendor/laravel/framework/src/Illuminate/Pipeline/Pipeline.php(209): Illuminate/Foundation/Http/Middleware/InvokeDeferredCallbacks->handle(Object(Illuminate/Http/Request), Object(Closure))
#49 C:/Users/Usuario/Downloads/citas-medicas-laravel-actualizado/citas-medicas-laravel/vendor/laravel/framework/src/Illuminate/Pipeline/Pipeline.php(127): Illuminate/Pipeline/Pipeline->{closure:{closure:Illuminate/Pipeline/Pipeline::carry():184}:185}(Object(Illuminate/Http/Request))
#50 C:/Users/Usuario/Downloads/citas-medicas-laravel-actualizado/citas-medicas-laravel/vendor/laravel/framework/src/Illuminate/Foundation/Http/Kernel.php(176): Illuminate/Pipeline/Pipeline->then(Object(Closure))
#51 C:/Users/Usuario/Downloads/citas-medicas-laravel-actualizado/citas-medicas-laravel/vendor/laravel/framework/src/Illuminate/Foundation/Http/Kernel.php(145): Illuminate/Foundation/Http/Kernel->sendRequestThroughRouter(Object(Illuminate/Http/Request))
#52 C:/Users/Usuario/Downloads/citas-medicas-laravel-actualizado/citas-medicas-laravel/vendor/laravel/framework/src/Illuminate/Foundation/Application.php(1220): Illuminate/Foundation/Http/Kernel->handle(Object(Illuminate/Http/Request))
#53 C:/Users/Usuario/Downloads/citas-medicas-laravel-actualizado/citas-medicas-laravel/public/index.php(21): Illuminate/Foundation/Application->handleRequest(Object(Illuminate/Http/Request))
#54 C:/Users/Usuario/Downloads/citas-medicas-laravel-actualizado/citas-medicas-laravel/vendor/laravel/framework/src/Illuminate/Foundation/resources/server.php(23): require_once('C://Users//Usuari...')
#55 {main}

[previous exception] [object] (ErrorException(code: 0): Undefined variable $email at C:/Users/Usuario/Downloads/citas-medicas-laravel-actualizado/citas-medicas-laravel/storage/framework/views/d1c88c1792a35dc9fd6e6dbbfe34de14.php:12)
[stacktrace]
#0 C:/Users/Usuario/Downloads/citas-medicas-laravel-actualizado/citas-medicas-laravel/vendor/laravel/framework/src/Illuminate/Foundation/Bootstrap/HandleExceptions.php(258): Illuminate/Foundation/Bootstrap/HandleExceptions->handleError(2, 'Undefined varia...', 'C://Users//Usuari...', 12)
#1 C:/Users/Usuario/Downloads/citas-medicas-laravel-actualizado/citas-medicas-laravel/storage/framework/views/d1c88c1792a35dc9fd6e6dbbfe34de14.php(12): Illuminate/Foundation/Bootstrap/HandleExceptions->{closure:Illuminate/Foundation/Bootstrap/HandleExceptions::forwardsTo():257}(2, 'Undefined varia...', 'C://Users//Usuari...', 12)
#2 C:/Users/Usuario/Downloads/citas-medicas-laravel-actualizado/citas-medicas-laravel/vendor/laravel/framework/src/Illuminate/Filesystem/Filesystem.php(123): require('C://Users//Usuari...')
#3 C:/Users/Usuario/Downloads/citas-medicas-laravel-actualizado/citas-medicas-laravel/vendor/laravel/framework/src/Illuminate/Filesystem/Filesystem.php(124): Illuminate/Filesystem/Filesystem::{closure:Illuminate/Filesystem/Filesystem::getRequire():120}()
#4 C:/Users/Usuario/Downloads/citas-medicas-laravel-actualizado/citas-medicas-laravel/vendor/laravel/framework/src/Illuminate/View/Engines/PhpEngine.php(58): Illuminate/Filesystem/Filesystem->getRequire('C://Users//Usuari...', Array)
#5 C:/Users/Usuario/Downloads/citas-medicas-laravel-actualizado/citas-medicas-laravel/vendor/laravel/framework/src/Illuminate/View/Engines/CompilerEngine.php(75): Illuminate/View/Engines/PhpEngine->evaluatePath('C://Users//Usuari...', Array)
#6 C:/Users/Usuario/Downloads/citas-medicas-laravel-actualizado/citas-medicas-laravel/vendor/laravel/framework/src/Illuminate/View/View.php(209): Illuminate/View/Engines/CompilerEngine->get('C://Users//Usuari...', Array)
#7 C:/Users/Usuario/Downloads/citas-medicas-laravel-actualizado/citas-medicas-laravel/vendor/laravel/framework/src/Illuminate/View/View.php(192): Illuminate/View/View->getContents()
#8 C:/Users/Usuario/Downloads/citas-medicas-laravel-actualizado/citas-medicas-laravel/vendor/laravel/framework/src/Illuminate/View/View.php(161): Illuminate/View/View->renderContents()
#9 C:/Users/Usuario/Downloads/citas-medicas-laravel-actualizado/citas-medicas-laravel/vendor/laravel/framework/src/Illuminate/Http/Response.php(79): Illuminate/View/View->render()
#10 C:/Users/Usuario/Downloads/citas-medicas-laravel-actualizado/citas-medicas-laravel/vendor/laravel/framework/src/Illuminate/Http/Response.php(35): Illuminate/Http/Response->setContent(Object(Illuminate/View/View))
#11 C:/Users/Usuario/Downloads/citas-medicas-laravel-actualizado/citas-medicas-laravel/vendor/laravel/framework/src/Illuminate/Routing/Router.php(920): Illuminate/Http/Response->__construct(Object(Illuminate/View/View), 200, Array)
#12 C:/Users/Usuario/Downloads/citas-medicas-laravel-actualizado/citas-medicas-laravel/vendor/laravel/framework/src/Illuminate/Routing/Router.php(887): Illuminate/Routing/Router::toResponse(Object(Illuminate/Http/Request), Object(Illuminate/View/View))
#13 C:/Users/Usuario/Downloads/citas-medicas-laravel-actualizado/citas-medicas-laravel/vendor/laravel/framework/src/Illuminate/Routing/Router.php(807): Illuminate/Routing/Router->prepareResponse(Object(Illuminate/Http/Request), Object(Illuminate/View/View))
#14 C:/Users/Usuario/Downloads/citas-medicas-laravel-actualizado/citas-medicas-laravel/vendor/laravel/framework/src/Illuminate/Pipeline/Pipeline.php(170): Illuminate/Routing/Router->{closure:Illuminate/Routing/Router::runRouteWithinStack():807}(Object(Illuminate/Http/Request))
#15 C:/Users/Usuario/Downloads/citas-medicas-laravel-actualizado/citas-medicas-laravel/vendor/laravel/framework/src/Illuminate/Auth/Middleware/RedirectIfAuthenticated.php(35): Illuminate/Pipeline/Pipeline->{closure:Illuminate/Pipeline/Pipeline::prepareDestination():168}(Object(Illuminate/Http/Request))
#16 C:/Users/Usuario/Downloads/citas-medicas-laravel-actualizado/citas-medicas-laravel/vendor/laravel/framework/src/Illuminate/Pipeline/Pipeline.php(209): Illuminate/Auth/Middleware/RedirectIfAuthenticated->handle(Object(Illuminate/Http/Request), Object(Closure))
#17 C:/Users/Usuario/Downloads/citas-medicas-laravel-actualizado/citas-medicas-laravel/vendor/laravel/framework/src/Illuminate/Routing/Middleware/SubstituteBindings.php(51): Illuminate/Pipeline/Pipeline->{closure:{closure:Illuminate/Pipeline/Pipeline::carry():184}:185}(Object(Illuminate/Http/Request))
#18 C:/Users/Usuario/Downloads/citas-medicas-laravel-actualizado/citas-medicas-laravel/vendor/laravel/framework/src/Illuminate/Pipeline/Pipeline.php(209): Illuminate/Routing/Middleware/SubstituteBindings->handle(Object(Illuminate/Http/Request), Object(Closure))
#19 C:/Users/Usuario/Downloads/citas-medicas-laravel-actualizado/citas-medicas-laravel/vendor/laravel/framework/src/Illuminate/Foundation/Http/Middleware/VerifyCsrfToken.php(88): Illuminate/Pipeline/Pipeline->{closure:{closure:Illuminate/Pipeline/Pipeline::carry():184}:185}(Object(Illuminate/Http/Request))
#20 C:/Users/Usuario/Downloads/citas-medicas-laravel-actualizado/citas-medicas-laravel/vendor/laravel/framework/src/Illuminate/Pipeline/Pipeline.php(209): Illuminate/Foundation/Http/Middleware/VerifyCsrfToken->handle(Object(Illuminate/Http/Request), Object(Closure))
#21 C:/Users/Usuario/Downloads/citas-medicas-laravel-actualizado/citas-medicas-laravel/vendor/laravel/framework/src/Illuminate/View/Middleware/ShareErrorsFromSession.php(49): Illuminate/Pipeline/Pipeline->{closure:{closure:Illuminate/Pipeline/Pipeline::carry():184}:185}(Object(Illuminate/Http/Request))
#22 C:/Users/Usuario/Downloads/citas-medicas-laravel-actualizado/citas-medicas-laravel/vendor/laravel/framework/src/Illuminate/Pipeline/Pipeline.php(209): Illuminate/View/Middleware/ShareErrorsFromSession->handle(Object(Illuminate/Http/Request), Object(Closure))
#23 C:/Users/Usuario/Downloads/citas-medicas-laravel-actualizado/citas-medicas-laravel/vendor/laravel/framework/src/Illuminate/Session/Middleware/StartSession.php(121): Illuminate/Pipeline/Pipeline->{closure:{closure:Illuminate/Pipeline/Pipeline::carry():184}:185}(Object(Illuminate/Http/Request))
#24 C:/Users/Usuario/Downloads/citas-medicas-laravel-actualizado/citas-medicas-laravel/vendor/laravel/framework/src/Illuminate/Session/Middleware/StartSession.php(64): Illuminate/Session/Middleware/StartSession->handleStatefulRequest(Object(Illuminate/Http/Request), Object(Illuminate/Session/Store), Object(Closure))
#25 C:/Users/Usuario/Downloads/citas-medicas-laravel-actualizado/citas-medicas-laravel/vendor/laravel/framework/src/Illuminate/Pipeline/Pipeline.php(209): Illuminate/Session/Middleware/StartSession->handle(Object(Illuminate/Http/Request), Object(Closure))
#26 C:/Users/Usuario/Downloads/citas-medicas-laravel-actualizado/citas-medicas-laravel/vendor/laravel/framework/src/Illuminate/Cookie/Middleware/AddQueuedCookiesToResponse.php(37): Illuminate/Pipeline/Pipeline->{closure:{closure:Illuminate/Pipeline/Pipeline::carry():184}:185}(Object(Illuminate/Http/Request))
#27 C:/Users/Usuario/Downloads/citas-medicas-laravel-actualizado/citas-medicas-laravel/vendor/laravel/framework/src/Illuminate/Pipeline/Pipeline.php(209): Illuminate/Cookie/Middleware/AddQueuedCookiesToResponse->handle(Object(Illuminate/Http/Request), Object(Closure))
#28 C:/Users/Usuario/Downloads/citas-medicas-laravel-actualizado/citas-medicas-laravel/vendor/laravel/framework/src/Illuminate/Cookie/Middleware/EncryptCookies.php(75): Illuminate/Pipeline/Pipeline->{closure:{closure:Illuminate/Pipeline/Pipeline::carry():184}:185}(Object(Illuminate/Http/Request))
#29 C:/Users/Usuario/Downloads/citas-medicas-laravel-actualizado/citas-medicas-laravel/vendor/laravel/framework/src/Illuminate/Pipeline/Pipeline.php(209): Illuminate/Cookie/Middleware/EncryptCookies->handle(Object(Illuminate/Http/Request), Object(Closure))
#30 C:/Users/Usuario/Downloads/citas-medicas-laravel-actualizado/citas-medicas-laravel/vendor/laravel/framework/src/Illuminate/Pipeline/Pipeline.php(127): Illuminate/Pipeline/Pipeline->{closure:{closure:Illuminate/Pipeline/Pipeline::carry():184}:185}(Object(Illuminate/Http/Request))
#31 C:/Users/Usuario/Downloads/citas-medicas-laravel-actualizado/citas-medicas-laravel/vendor/laravel/framework/src/Illuminate/Routing/Router.php(807): Illuminate/Pipeline/Pipeline->then(Object(Closure))
#32 C:/Users/Usuario/Downloads/citas-medicas-laravel-actualizado/citas-medicas-laravel/vendor/laravel/framework/src/Illuminate/Routing/Router.php(786): Illuminate/Routing/Router->runRouteWithinStack(Object(Illuminate/Routing/Route), Object(Illuminate/Http/Request))
#33 C:/Users/Usuario/Downloads/citas-medicas-laravel-actualizado/citas-medicas-laravel/vendor/laravel/framework/src/Illuminate/Routing/Router.php(750): Illuminate/Routing/Router->runRoute(Object(Illuminate/Http/Request), Object(Illuminate/Routing/Route))
#34 C:/Users/Usuario/Downloads/citas-medicas-laravel-actualizado/citas-medicas-laravel/vendor/laravel/framework/src/Illuminate/Routing/Router.php(739): Illuminate/Routing/Router->dispatchToRoute(Object(Illuminate/Http/Request))
#35 C:/Users/Usuario/Downloads/citas-medicas-laravel-actualizado/citas-medicas-laravel/vendor/laravel/framework/src/Illuminate/Foundation/Http/Kernel.php(201): Illuminate/Routing/Router->dispatch(Object(Illuminate/Http/Request))
#36 C:/Users/Usuario/Downloads/citas-medicas-laravel-actualizado/citas-medicas-laravel/vendor/laravel/framework/src/Illuminate/Pipeline/Pipeline.php(170): Illuminate/Foundation/Http/Kernel->{closure:Illuminate/Foundation/Http/Kernel::dispatchToRouter():198}(Object(Illuminate/Http/Request))
#37 C:/Users/Usuario/Downloads/citas-medicas-laravel-actualizado/citas-medicas-laravel/vendor/laravel/framework/src/Illuminate/Foundation/Http/Middleware/TransformsRequest.php(21): Illuminate/Pipeline/Pipeline->{closure:Illuminate/Pipeline/Pipeline::prepareDestination():168}(Object(Illuminate/Http/Request))
#38 C:/Users/Usuario/Downloads/citas-medicas-laravel-actualizado/citas-medicas-laravel/vendor/laravel/framework/src/Illuminate/Foundation/Http/Middleware/ConvertEmptyStringsToNull.php(31): Illuminate/Foundation/Http/Middleware/TransformsRequest->handle(Object(Illuminate/Http/Request), Object(Closure))
#39 C:/Users/Usuario/Downloads/citas-medicas-laravel-actualizado/citas-medicas-laravel/vendor/laravel/framework/src/Illuminate/Pipeline/Pipeline.php(209): Illuminate/Foundation/Http/Middleware/ConvertEmptyStringsToNull->handle(Object(Illuminate/Http/Request), Object(Closure))
#40 C:/Users/Usuario/Downloads/citas-medicas-laravel-actualizado/citas-medicas-laravel/vendor/laravel/framework/src/Illuminate/Foundation/Http/Middleware/TransformsRequest.php(21): Illuminate/Pipeline/Pipeline->{closure:{closure:Illuminate/Pipeline/Pipeline::carry():184}:185}(Object(Illuminate/Http/Request))
#41 C:/Users/Usuario/Downloads/citas-medicas-laravel-actualizado/citas-medicas-laravel/vendor/laravel/framework/src/Illuminate/Foundation/Http/Middleware/TrimStrings.php(51): Illuminate/Foundation/Http/Middleware/TransformsRequest->handle(Object(Illuminate/Http/Request), Object(Closure))
#42 C:/Users/Usuario/Downloads/citas-medicas-laravel-actualizado/citas-medicas-laravel/vendor/laravel/framework/src/Illuminate/Pipeline/Pipeline.php(209): Illuminate/Foundation/Http/Middleware/TrimStrings->handle(Object(Illuminate/Http/Request), Object(Closure))
#43 C:/Users/Usuario/Downloads/citas-medicas-laravel-actualizado/citas-medicas-laravel/vendor/laravel/framework/src/Illuminate/Http/Middleware/ValidatePostSize.php(27): Illuminate/Pipeline/Pipeline->{closure:{closure:Illuminate/Pipeline/Pipeline::carry():184}:185}(Object(Illuminate/Http/Request))
#44 C:/Users/Usuario/Downloads/citas-medicas-laravel-actualizado/citas-medicas-laravel/vendor/laravel/framework/src/Illuminate/Pipeline/Pipeline.php(209): Illuminate/Http/Middleware/ValidatePostSize->handle(Object(Illuminate/Http/Request), Object(Closure))
#45 C:/Users/Usuario/Downloads/citas-medicas-laravel-actualizado/citas-medicas-laravel/vendor/laravel/framework/src/Illuminate/Foundation/Http/Middleware/PreventRequestsDuringMaintenance.php(110): Illuminate/Pipeline/Pipeline->{closure:{closure:Illuminate/Pipeline/Pipeline::carry():184}:185}(Object(Illuminate/Http/Request))
#46 C:/Users/Usuario/Downloads/citas-medicas-laravel-actualizado/citas-medicas-laravel/vendor/laravel/framework/src/Illuminate/Pipeline/Pipeline.php(209): Illuminate/Foundation/Http/Middleware/PreventRequestsDuringMaintenance->handle(Object(Illuminate/Http/Request), Object(Closure))
#47 C:/Users/Usuario/Downloads/citas-medicas-laravel-actualizado/citas-medicas-laravel/vendor/laravel/framework/src/Illuminate/Http/Middleware/HandleCors.php(49): Illuminate/Pipeline/Pipeline->{closure:{closure:Illuminate/Pipeline/Pipeline::carry():184}:185}(Object(Illuminate/Http/Request))
#48 C:/Users/Usuario/Downloads/citas-medicas-laravel-actualizado/citas-medicas-laravel/vendor/laravel/framework/src/Illuminate/Pipeline/Pipeline.php(209): Illuminate/Http/Middleware/HandleCors->handle(Object(Illuminate/Http/Request), Object(Closure))
#49 C:/Users/Usuario/Downloads/citas-medicas-laravel-actualizado/citas-medicas-laravel/vendor/laravel/framework/src/Illuminate/Http/Middleware/TrustProxies.php(58): Illuminate/Pipeline/Pipeline->{closure:{closure:Illuminate/Pipeline/Pipeline::carry():184}:185}(Object(Illuminate/Http/Request))
#50 C:/Users/Usuario/Downloads/citas-medicas-laravel-actualizado/citas-medicas-laravel/vendor/laravel/framework/src/Illuminate/Pipeline/Pipeline.php(209): Illuminate/Http/Middleware/TrustProxies->handle(Object(Illuminate/Http/Request), Object(Closure))
#51 C:/Users/Usuario/Downloads/citas-medicas-laravel-actualizado/citas-medicas-laravel/vendor/laravel/framework/src/Illuminate/Foundation/Http/Middleware/InvokeDeferredCallbacks.php(22): Illuminate/Pipeline/Pipeline->{closure:{closure:Illuminate/Pipeline/Pipeline::carry():184}:185}(Object(Illuminate/Http/Request))
#52 C:/Users/Usuario/Downloads/citas-medicas-laravel-actualizado/citas-medicas-laravel/vendor/laravel/framework/src/Illuminate/Pipeline/Pipeline.php(209): Illuminate/Foundation/Http/Middleware/InvokeDeferredCallbacks->handle(Object(Illuminate/Http/Request), Object(Closure))
#53 C:/Users/Usuario/Downloads/citas-medicas-laravel-actualizado/citas-medicas-laravel/vendor/laravel/framework/src/Illuminate/Pipeline/Pipeline.php(127): Illuminate/Pipeline/Pipeline->{closure:{closure:Illuminate/Pipeline/Pipeline::carry():184}:185}(Object(Illuminate/Http/Request))
#54 C:/Users/Usuario/Downloads/citas-medicas-laravel-actualizado/citas-medicas-laravel/vendor/laravel/framework/src/Illuminate/Foundation/Http/Kernel.php(176): Illuminate/Pipeline/Pipeline->then(Object(Closure))
#55 C:/Users/Usuario/Downloads/citas-medicas-laravel-actualizado/citas-medicas-laravel/vendor/laravel/framework/src/Illuminate/Foundation/Http/Kernel.php(145): Illuminate/Foundation/Http/Kernel->sendRequestThroughRouter(Object(Illuminate/Http/Request))
#56 C:/Users/Usuario/Downloads/citas-medicas-laravel-actualizado/citas-medicas-laravel/vendor/laravel/framework/src/Illuminate/Foundation/Application.php(1220): Illuminate/Foundation/Http/Kernel->handle(Object(Illuminate/Http/Request))
#57 C:/Users/Usuario/Downloads/citas-medicas-laravel-actualizado/citas-medicas-laravel/public/index.php(21): Illuminate/Foundation/Application->handleRequest(Object(Illuminate/Http/Request))
#58 C:/Users/Usuario/Downloads/citas-medicas-laravel-actualizado/citas-medicas-laravel/vendor/laravel/framework/src/Illuminate/Foundation/resources/server.php(23): require_once('C://Users//Usuari...')
#59 {main}
"} 
[2026-07-24 23:57:19] local.ERROR: Excepcion no controlada: Undefined variable $email (View: C:\Users\Usuario\Downloads\citas-medicas-laravel-actualizado\citas-medicas-laravel\resources\views\auth\olvide-password.blade.php) {"excepcion":"Illuminate\\View\\ViewException","usuario_id":null,"url":"http://127.0.0.1:8000/password/olvide","metodo":"GET","archivo":"C:\\Users\\Usuario\\Downloads\\citas-medicas-laravel-actualizado\\citas-medicas-laravel\\storage\\framework\\views\\d1c88c1792a35dc9fd6e6dbbfe34de14.php:12"} 
[2026-07-24 23:57:19] local.ERROR: Undefined variable $email (View: C:\Users\Usuario\Downloads\citas-medicas-laravel-actualizado\citas-medicas-laravel\resources\views\auth\olvide-password.blade.php) {"exception":"[object] (Illuminate\\View\\ViewException(code: 0): Undefined variable $email (View: C:\\Users\\Usuario\\Downloads\\citas-medicas-laravel-actualizado\\citas-medicas-laravel\\resources\\views\\auth\\olvide-password.blade.php) at C:/Users/Usuario/Downloads/citas-medicas-laravel-actualizado/citas-medicas-laravel/storage/framework/views/d1c88c1792a35dc9fd6e6dbbfe34de14.php:12)
[stacktrace]
#0 C:/Users/Usuario/Downloads/citas-medicas-laravel-actualizado/citas-medicas-laravel/vendor/laravel/framework/src/Illuminate/View/Engines/PhpEngine.php(60): Illuminate/View/Engines/CompilerEngine->handleViewException(Object(ErrorException), 1)
#1 C:/Users/Usuario/Downloads/citas-medicas-laravel-actualizado/citas-medicas-laravel/vendor/laravel/framework/src/Illuminate/View/Engines/CompilerEngine.php(75): Illuminate/View/Engines/PhpEngine->evaluatePath('C://Users//Usuari...', Array)
#2 C:/Users/Usuario/Downloads/citas-medicas-laravel-actualizado/citas-medicas-laravel/vendor/laravel/framework/src/Illuminate/View/View.php(209): Illuminate/View/Engines/CompilerEngine->get('C://Users//Usuari...', Array)
#3 C:/Users/Usuario/Downloads/citas-medicas-laravel-actualizado/citas-medicas-laravel/vendor/laravel/framework/src/Illuminate/View/View.php(192): Illuminate/View/View->getContents()
#4 C:/Users/Usuario/Downloads/citas-medicas-laravel-actualizado/citas-medicas-laravel/vendor/laravel/framework/src/Illuminate/View/View.php(161): Illuminate/View/View->renderContents()
#5 C:/Users/Usuario/Downloads/citas-medicas-laravel-actualizado/citas-medicas-laravel/vendor/laravel/framework/src/Illuminate/Http/Response.php(79): Illuminate/View/View->render()
#6 C:/Users/Usuario/Downloads/citas-medicas-laravel-actualizado/citas-medicas-laravel/vendor/laravel/framework/src/Illuminate/Http/Response.php(35): Illuminate/Http/Response->setContent(Object(Illuminate/View/View))
#7 C:/Users/Usuario/Downloads/citas-medicas-laravel-actualizado/citas-medicas-laravel/vendor/laravel/framework/src/Illuminate/Routing/Router.php(920): Illuminate/Http/Response->__construct(Object(Illuminate/View/View), 200, Array)
#8 C:/Users/Usuario/Downloads/citas-medicas-laravel-actualizado/citas-medicas-laravel/vendor/laravel/framework/src/Illuminate/Routing/Router.php(887): Illuminate/Routing/Router::toResponse(Object(Illuminate/Http/Request), Object(Illuminate/View/View))
#9 C:/Users/Usuario/Downloads/citas-medicas-laravel-actualizado/citas-medicas-laravel/vendor/laravel/framework/src/Illuminate/Routing/Router.php(807): Illuminate/Routing/Router->prepareResponse(Object(Illuminate/Http/Request), Object(Illuminate/View/View))
#10 C:/Users/Usuario/Downloads/citas-medicas-laravel-actualizado/citas-medicas-laravel/vendor/laravel/framework/src/Illuminate/Pipeline/Pipeline.php(170): Illuminate/Routing/Router->{closure:Illuminate/Routing/Router::runRouteWithinStack():807}(Object(Illuminate/Http/Request))
#11 C:/Users/Usuario/Downloads/citas-medicas-laravel-actualizado/citas-medicas-laravel/vendor/laravel/framework/src/Illuminate/Auth/Middleware/RedirectIfAuthenticated.php(35): Illuminate/Pipeline/Pipeline->{closure:Illuminate/Pipeline/Pipeline::prepareDestination():168}(Object(Illuminate/Http/Request))
#12 C:/Users/Usuario/Downloads/citas-medicas-laravel-actualizado/citas-medicas-laravel/vendor/laravel/framework/src/Illuminate/Pipeline/Pipeline.php(209): Illuminate/Auth/Middleware/RedirectIfAuthenticated->handle(Object(Illuminate/Http/Request), Object(Closure))
#13 C:/Users/Usuario/Downloads/citas-medicas-laravel-actualizado/citas-medicas-laravel/vendor/laravel/framework/src/Illuminate/Routing/Middleware/SubstituteBindings.php(51): Illuminate/Pipeline/Pipeline->{closure:{closure:Illuminate/Pipeline/Pipeline::carry():184}:185}(Object(Illuminate/Http/Request))
#14 C:/Users/Usuario/Downloads/citas-medicas-laravel-actualizado/citas-medicas-laravel/vendor/laravel/framework/src/Illuminate/Pipeline/Pipeline.php(209): Illuminate/Routing/Middleware/SubstituteBindings->handle(Object(Illuminate/Http/Request), Object(Closure))
#15 C:/Users/Usuario/Downloads/citas-medicas-laravel-actualizado/citas-medicas-laravel/vendor/laravel/framework/src/Illuminate/Foundation/Http/Middleware/VerifyCsrfToken.php(88): Illuminate/Pipeline/Pipeline->{closure:{closure:Illuminate/Pipeline/Pipeline::carry():184}:185}(Object(Illuminate/Http/Request))
#16 C:/Users/Usuario/Downloads/citas-medicas-laravel-actualizado/citas-medicas-laravel/vendor/laravel/framework/src/Illuminate/Pipeline/Pipeline.php(209): Illuminate/Foundation/Http/Middleware/VerifyCsrfToken->handle(Object(Illuminate/Http/Request), Object(Closure))
#17 C:/Users/Usuario/Downloads/citas-medicas-laravel-actualizado/citas-medicas-laravel/vendor/laravel/framework/src/Illuminate/View/Middleware/ShareErrorsFromSession.php(49): Illuminate/Pipeline/Pipeline->{closure:{closure:Illuminate/Pipeline/Pipeline::carry():184}:185}(Object(Illuminate/Http/Request))
#18 C:/Users/Usuario/Downloads/citas-medicas-laravel-actualizado/citas-medicas-laravel/vendor/laravel/framework/src/Illuminate/Pipeline/Pipeline.php(209): Illuminate/View/Middleware/ShareErrorsFromSession->handle(Object(Illuminate/Http/Request), Object(Closure))
#19 C:/Users/Usuario/Downloads/citas-medicas-laravel-actualizado/citas-medicas-laravel/vendor/laravel/framework/src/Illuminate/Session/Middleware/StartSession.php(121): Illuminate/Pipeline/Pipeline->{closure:{closure:Illuminate/Pipeline/Pipeline::carry():184}:185}(Object(Illuminate/Http/Request))
#20 C:/Users/Usuario/Downloads/citas-medicas-laravel-actualizado/citas-medicas-laravel/vendor/laravel/framework/src/Illuminate/Session/Middleware/StartSession.php(64): Illuminate/Session/Middleware/StartSession->handleStatefulRequest(Object(Illuminate/Http/Request), Object(Illuminate/Session/Store), Object(Closure))
#21 C:/Users/Usuario/Downloads/citas-medicas-laravel-actualizado/citas-medicas-laravel/vendor/laravel/framework/src/Illuminate/Pipeline/Pipeline.php(209): Illuminate/Session/Middleware/StartSession->handle(Object(Illuminate/Http/Request), Object(Closure))
#22 C:/Users/Usuario/Downloads/citas-medicas-laravel-actualizado/citas-medicas-laravel/vendor/laravel/framework/src/Illuminate/Cookie/Middleware/AddQueuedCookiesToResponse.php(37): Illuminate/Pipeline/Pipeline->{closure:{closure:Illuminate/Pipeline/Pipeline::carry():184}:185}(Object(Illuminate/Http/Request))
#23 C:/Users/Usuario/Downloads/citas-medicas-laravel-actualizado/citas-medicas-laravel/vendor/laravel/framework/src/Illuminate/Pipeline/Pipeline.php(209): Illuminate/Cookie/Middleware/AddQueuedCookiesToResponse->handle(Object(Illuminate/Http/Request), Object(Closure))
#24 C:/Users/Usuario/Downloads/citas-medicas-laravel-actualizado/citas-medicas-laravel/vendor/laravel/framework/src/Illuminate/Cookie/Middleware/EncryptCookies.php(75): Illuminate/Pipeline/Pipeline->{closure:{closure:Illuminate/Pipeline/Pipeline::carry():184}:185}(Object(Illuminate/Http/Request))
#25 C:/Users/Usuario/Downloads/citas-medicas-laravel-actualizado/citas-medicas-laravel/vendor/laravel/framework/src/Illuminate/Pipeline/Pipeline.php(209): Illuminate/Cookie/Middleware/EncryptCookies->handle(Object(Illuminate/Http/Request), Object(Closure))
#26 C:/Users/Usuario/Downloads/citas-medicas-laravel-actualizado/citas-medicas-laravel/vendor/laravel/framework/src/Illuminate/Pipeline/Pipeline.php(127): Illuminate/Pipeline/Pipeline->{closure:{closure:Illuminate/Pipeline/Pipeline::carry():184}:185}(Object(Illuminate/Http/Request))
#27 C:/Users/Usuario/Downloads/citas-medicas-laravel-actualizado/citas-medicas-laravel/vendor/laravel/framework/src/Illuminate/Routing/Router.php(807): Illuminate/Pipeline/Pipeline->then(Object(Closure))
#28 C:/Users/Usuario/Downloads/citas-medicas-laravel-actualizado/citas-medicas-laravel/vendor/laravel/framework/src/Illuminate/Routing/Router.php(786): Illuminate/Routing/Router->runRouteWithinStack(Object(Illuminate/Routing/Route), Object(Illuminate/Http/Request))
#29 C:/Users/Usuario/Downloads/citas-medicas-laravel-actualizado/citas-medicas-laravel/vendor/laravel/framework/src/Illuminate/Routing/Router.php(750): Illuminate/Routing/Router->runRoute(Object(Illuminate/Http/Request), Object(Illuminate/Routing/Route))
#30 C:/Users/Usuario/Downloads/citas-medicas-laravel-actualizado/citas-medicas-laravel/vendor/laravel/framework/src/Illuminate/Routing/Router.php(739): Illuminate/Routing/Router->dispatchToRoute(Object(Illuminate/Http/Request))
#31 C:/Users/Usuario/Downloads/citas-medicas-laravel-actualizado/citas-medicas-laravel/vendor/laravel/framework/src/Illuminate/Foundation/Http/Kernel.php(201): Illuminate/Routing/Router->dispatch(Object(Illuminate/Http/Request))
#32 C:/Users/Usuario/Downloads/citas-medicas-laravel-actualizado/citas-medicas-laravel/vendor/laravel/framework/src/Illuminate/Pipeline/Pipeline.php(170): Illuminate/Foundation/Http/Kernel->{closure:Illuminate/Foundation/Http/Kernel::dispatchToRouter():198}(Object(Illuminate/Http/Request))
#33 C:/Users/Usuario/Downloads/citas-medicas-laravel-actualizado/citas-medicas-laravel/vendor/laravel/framework/src/Illuminate/Foundation/Http/Middleware/TransformsRequest.php(21): Illuminate/Pipeline/Pipeline->{closure:Illuminate/Pipeline/Pipeline::prepareDestination():168}(Object(Illuminate/Http/Request))
#34 C:/Users/Usuario/Downloads/citas-medicas-laravel-actualizado/citas-medicas-laravel/vendor/laravel/framework/src/Illuminate/Foundation/Http/Middleware/ConvertEmptyStringsToNull.php(31): Illuminate/Foundation/Http/Middleware/TransformsRequest->handle(Object(Illuminate/Http/Request), Object(Closure))
#35 C:/Users/Usuario/Downloads/citas-medicas-laravel-actualizado/citas-medicas-laravel/vendor/laravel/framework/src/Illuminate/Pipeline/Pipeline.php(209): Illuminate/Foundation/Http/Middleware/ConvertEmptyStringsToNull->handle(Object(Illuminate/Http/Request), Object(Closure))
#36 C:/Users/Usuario/Downloads/citas-medicas-laravel-actualizado/citas-medicas-laravel/vendor/laravel/framework/src/Illuminate/Foundation/Http/Middleware/TransformsRequest.php(21): Illuminate/Pipeline/Pipeline->{closure:{closure:Illuminate/Pipeline/Pipeline::carry():184}:185}(Object(Illuminate/Http/Request))
#37 C:/Users/Usuario/Downloads/citas-medicas-laravel-actualizado/citas-medicas-laravel/vendor/laravel/framework/src/Illuminate/Foundation/Http/Middleware/TrimStrings.php(51): Illuminate/Foundation/Http/Middleware/TransformsRequest->handle(Object(Illuminate/Http/Request), Object(Closure))
#38 C:/Users/Usuario/Downloads/citas-medicas-laravel-actualizado/citas-medicas-laravel/vendor/laravel/framework/src/Illuminate/Pipeline/Pipeline.php(209): Illuminate/Foundation/Http/Middleware/TrimStrings->handle(Object(Illuminate/Http/Request), Object(Closure))
#39 C:/Users/Usuario/Downloads/citas-medicas-laravel-actualizado/citas-medicas-laravel/vendor/laravel/framework/src/Illuminate/Http/Middleware/ValidatePostSize.php(27): Illuminate/Pipeline/Pipeline->{closure:{closure:Illuminate/Pipeline/Pipeline::carry():184}:185}(Object(Illuminate/Http/Request))
#40 C:/Users/Usuario/Downloads/citas-medicas-laravel-actualizado/citas-medicas-laravel/vendor/laravel/framework/src/Illuminate/Pipeline/Pipeline.php(209): Illuminate/Http/Middleware/ValidatePostSize->handle(Object(Illuminate/Http/Request), Object(Closure))
#41 C:/Users/Usuario/Downloads/citas-medicas-laravel-actualizado/citas-medicas-laravel/vendor/laravel/framework/src/Illuminate/Foundation/Http/Middleware/PreventRequestsDuringMaintenance.php(110): Illuminate/Pipeline/Pipeline->{closure:{closure:Illuminate/Pipeline/Pipeline::carry():184}:185}(Object(Illuminate/Http/Request))
#42 C:/Users/Usuario/Downloads/citas-medicas-laravel-actualizado/citas-medicas-laravel/vendor/laravel/framework/src/Illuminate/Pipeline/Pipeline.php(209): Illuminate/Foundation/Http/Middleware/PreventRequestsDuringMaintenance->handle(Object(Illuminate/Http/Request), Object(Closure))
#43 C:/Users/Usuario/Downloads/citas-medicas-laravel-actualizado/citas-medicas-laravel/vendor/laravel/framework/src/Illuminate/Http/Middleware/HandleCors.php(49): Illuminate/Pipeline/Pipeline->{closure:{closure:Illuminate/Pipeline/Pipeline::carry():184}:185}(Object(Illuminate/Http/Request))
#44 C:/Users/Usuario/Downloads/citas-medicas-laravel-actualizado/citas-medicas-laravel/vendor/laravel/framework/src/Illuminate/Pipeline/Pipeline.php(209): Illuminate/Http/Middleware/HandleCors->handle(Object(Illuminate/Http/Request), Object(Closure))
#45 C:/Users/Usuario/Downloads/citas-medicas-laravel-actualizado/citas-medicas-laravel/vendor/laravel/framework/src/Illuminate/Http/Middleware/TrustProxies.php(58): Illuminate/Pipeline/Pipeline->{closure:{closure:Illuminate/Pipeline/Pipeline::carry():184}:185}(Object(Illuminate/Http/Request))
#46 C:/Users/Usuario/Downloads/citas-medicas-laravel-actualizado/citas-medicas-laravel/vendor/laravel/framework/src/Illuminate/Pipeline/Pipeline.php(209): Illuminate/Http/Middleware/TrustProxies->handle(Object(Illuminate/Http/Request), Object(Closure))
#47 C:/Users/Usuario/Downloads/citas-medicas-laravel-actualizado/citas-medicas-laravel/vendor/laravel/framework/src/Illuminate/Foundation/Http/Middleware/InvokeDeferredCallbacks.php(22): Illuminate/Pipeline/Pipeline->{closure:{closure:Illuminate/Pipeline/Pipeline::carry():184}:185}(Object(Illuminate/Http/Request))
#48 C:/Users/Usuario/Downloads/citas-medicas-laravel-actualizado/citas-medicas-laravel/vendor/laravel/framework/src/Illuminate/Pipeline/Pipeline.php(209): Illuminate/Foundation/Http/Middleware/InvokeDeferredCallbacks->handle(Object(Illuminate/Http/Request), Object(Closure))
#49 C:/Users/Usuario/Downloads/citas-medicas-laravel-actualizado/citas-medicas-laravel/vendor/laravel/framework/src/Illuminate/Pipeline/Pipeline.php(127): Illuminate/Pipeline/Pipeline->{closure:{closure:Illuminate/Pipeline/Pipeline::carry():184}:185}(Object(Illuminate/Http/Request))
#50 C:/Users/Usuario/Downloads/citas-medicas-laravel-actualizado/citas-medicas-laravel/vendor/laravel/framework/src/Illuminate/Foundation/Http/Kernel.php(176): Illuminate/Pipeline/Pipeline->then(Object(Closure))
#51 C:/Users/Usuario/Downloads/citas-medicas-laravel-actualizado/citas-medicas-laravel/vendor/laravel/framework/src/Illuminate/Foundation/Http/Kernel.php(145): Illuminate/Foundation/Http/Kernel->sendRequestThroughRouter(Object(Illuminate/Http/Request))
#52 C:/Users/Usuario/Downloads/citas-medicas-laravel-actualizado/citas-medicas-laravel/vendor/laravel/framework/src/Illuminate/Foundation/Application.php(1220): Illuminate/Foundation/Http/Kernel->handle(Object(Illuminate/Http/Request))
#53 C:/Users/Usuario/Downloads/citas-medicas-laravel-actualizado/citas-medicas-laravel/public/index.php(21): Illuminate/Foundation/Application->handleRequest(Object(Illuminate/Http/Request))
#54 C:/Users/Usuario/Downloads/citas-medicas-laravel-actualizado/citas-medicas-laravel/vendor/laravel/framework/src/Illuminate/Foundation/resources/server.php(23): require_once('C://Users//Usuari...')
#55 {main}

[previous exception] [object] (ErrorException(code: 0): Undefined variable $email at C:/Users/Usuario/Downloads/citas-medicas-laravel-actualizado/citas-medicas-laravel/storage/framework/views/d1c88c1792a35dc9fd6e6dbbfe34de14.php:12)
[stacktrace]
#0 C:/Users/Usuario/Downloads/citas-medicas-laravel-actualizado/citas-medicas-laravel/vendor/laravel/framework/src/Illuminate/Foundation/Bootstrap/HandleExceptions.php(258): Illuminate/Foundation/Bootstrap/HandleExceptions->handleError(2, 'Undefined varia...', 'C://Users//Usuari...', 12)
#1 C:/Users/Usuario/Downloads/citas-medicas-laravel-actualizado/citas-medicas-laravel/storage/framework/views/d1c88c1792a35dc9fd6e6dbbfe34de14.php(12): Illuminate/Foundation/Bootstrap/HandleExceptions->{closure:Illuminate/Foundation/Bootstrap/HandleExceptions::forwardsTo():257}(2, 'Undefined varia...', 'C://Users//Usuari...', 12)
#2 C:/Users/Usuario/Downloads/citas-medicas-laravel-actualizado/citas-medicas-laravel/vendor/laravel/framework/src/Illuminate/Filesystem/Filesystem.php(123): require('C://Users//Usuari...')
#3 C:/Users/Usuario/Downloads/citas-medicas-laravel-actualizado/citas-medicas-laravel/vendor/laravel/framework/src/Illuminate/Filesystem/Filesystem.php(124): Illuminate/Filesystem/Filesystem::{closure:Illuminate/Filesystem/Filesystem::getRequire():120}()
#4 C:/Users/Usuario/Downloads/citas-medicas-laravel-actualizado/citas-medicas-laravel/vendor/laravel/framework/src/Illuminate/View/Engines/PhpEngine.php(58): Illuminate/Filesystem/Filesystem->getRequire('C://Users//Usuari...', Array)
#5 C:/Users/Usuario/Downloads/citas-medicas-laravel-actualizado/citas-medicas-laravel/vendor/laravel/framework/src/Illuminate/View/Engines/CompilerEngine.php(75): Illuminate/View/Engines/PhpEngine->evaluatePath('C://Users//Usuari...', Array)
#6 C:/Users/Usuario/Downloads/citas-medicas-laravel-actualizado/citas-medicas-laravel/vendor/laravel/framework/src/Illuminate/View/View.php(209): Illuminate/View/Engines/CompilerEngine->get('C://Users//Usuari...', Array)
#7 C:/Users/Usuario/Downloads/citas-medicas-laravel-actualizado/citas-medicas-laravel/vendor/laravel/framework/src/Illuminate/View/View.php(192): Illuminate/View/View->getContents()
#8 C:/Users/Usuario/Downloads/citas-medicas-laravel-actualizado/citas-medicas-laravel/vendor/laravel/framework/src/Illuminate/View/View.php(161): Illuminate/View/View->renderContents()
#9 C:/Users/Usuario/Downloads/citas-medicas-laravel-actualizado/citas-medicas-laravel/vendor/laravel/framework/src/Illuminate/Http/Response.php(79): Illuminate/View/View->render()
#10 C:/Users/Usuario/Downloads/citas-medicas-laravel-actualizado/citas-medicas-laravel/vendor/laravel/framework/src/Illuminate/Http/Response.php(35): Illuminate/Http/Response->setContent(Object(Illuminate/View/View))
#11 C:/Users/Usuario/Downloads/citas-medicas-laravel-actualizado/citas-medicas-laravel/vendor/laravel/framework/src/Illuminate/Routing/Router.php(920): Illuminate/Http/Response->__construct(Object(Illuminate/View/View), 200, Array)
#12 C:/Users/Usuario/Downloads/citas-medicas-laravel-actualizado/citas-medicas-laravel/vendor/laravel/framework/src/Illuminate/Routing/Router.php(887): Illuminate/Routing/Router::toResponse(Object(Illuminate/Http/Request), Object(Illuminate/View/View))
#13 C:/Users/Usuario/Downloads/citas-medicas-laravel-actualizado/citas-medicas-laravel/vendor/laravel/framework/src/Illuminate/Routing/Router.php(807): Illuminate/Routing/Router->prepareResponse(Object(Illuminate/Http/Request), Object(Illuminate/View/View))
#14 C:/Users/Usuario/Downloads/citas-medicas-laravel-actualizado/citas-medicas-laravel/vendor/laravel/framework/src/Illuminate/Pipeline/Pipeline.php(170): Illuminate/Routing/Router->{closure:Illuminate/Routing/Router::runRouteWithinStack():807}(Object(Illuminate/Http/Request))
#15 C:/Users/Usuario/Downloads/citas-medicas-laravel-actualizado/citas-medicas-laravel/vendor/laravel/framework/src/Illuminate/Auth/Middleware/RedirectIfAuthenticated.php(35): Illuminate/Pipeline/Pipeline->{closure:Illuminate/Pipeline/Pipeline::prepareDestination():168}(Object(Illuminate/Http/Request))
#16 C:/Users/Usuario/Downloads/citas-medicas-laravel-actualizado/citas-medicas-laravel/vendor/laravel/framework/src/Illuminate/Pipeline/Pipeline.php(209): Illuminate/Auth/Middleware/RedirectIfAuthenticated->handle(Object(Illuminate/Http/Request), Object(Closure))
#17 C:/Users/Usuario/Downloads/citas-medicas-laravel-actualizado/citas-medicas-laravel/vendor/laravel/framework/src/Illuminate/Routing/Middleware/SubstituteBindings.php(51): Illuminate/Pipeline/Pipeline->{closure:{closure:Illuminate/Pipeline/Pipeline::carry():184}:185}(Object(Illuminate/Http/Request))
#18 C:/Users/Usuario/Downloads/citas-medicas-laravel-actualizado/citas-medicas-laravel/vendor/laravel/framework/src/Illuminate/Pipeline/Pipeline.php(209): Illuminate/Routing/Middleware/SubstituteBindings->handle(Object(Illuminate/Http/Request), Object(Closure))
#19 C:/Users/Usuario/Downloads/citas-medicas-laravel-actualizado/citas-medicas-laravel/vendor/laravel/framework/src/Illuminate/Foundation/Http/Middleware/VerifyCsrfToken.php(88): Illuminate/Pipeline/Pipeline->{closure:{closure:Illuminate/Pipeline/Pipeline::carry():184}:185}(Object(Illuminate/Http/Request))
#20 C:/Users/Usuario/Downloads/citas-medicas-laravel-actualizado/citas-medicas-laravel/vendor/laravel/framework/src/Illuminate/Pipeline/Pipeline.php(209): Illuminate/Foundation/Http/Middleware/VerifyCsrfToken->handle(Object(Illuminate/Http/Request), Object(Closure))
#21 C:/Users/Usuario/Downloads/citas-medicas-laravel-actualizado/citas-medicas-laravel/vendor/laravel/framework/src/Illuminate/View/Middleware/ShareErrorsFromSession.php(49): Illuminate/Pipeline/Pipeline->{closure:{closure:Illuminate/Pipeline/Pipeline::carry():184}:185}(Object(Illuminate/Http/Request))
#22 C:/Users/Usuario/Downloads/citas-medicas-laravel-actualizado/citas-medicas-laravel/vendor/laravel/framework/src/Illuminate/Pipeline/Pipeline.php(209): Illuminate/View/Middleware/ShareErrorsFromSession->handle(Object(Illuminate/Http/Request), Object(Closure))
#23 C:/Users/Usuario/Downloads/citas-medicas-laravel-actualizado/citas-medicas-laravel/vendor/laravel/framework/src/Illuminate/Session/Middleware/StartSession.php(121): Illuminate/Pipeline/Pipeline->{closure:{closure:Illuminate/Pipeline/Pipeline::carry():184}:185}(Object(Illuminate/Http/Request))
#24 C:/Users/Usuario/Downloads/citas-medicas-laravel-actualizado/citas-medicas-laravel/vendor/laravel/framework/src/Illuminate/Session/Middleware/StartSession.php(64): Illuminate/Session/Middleware/StartSession->handleStatefulRequest(Object(Illuminate/Http/Request), Object(Illuminate/Session/Store), Object(Closure))
#25 C:/Users/Usuario/Downloads/citas-medicas-laravel-actualizado/citas-medicas-laravel/vendor/laravel/framework/src/Illuminate/Pipeline/Pipeline.php(209): Illuminate/Session/Middleware/StartSession->handle(Object(Illuminate/Http/Request), Object(Closure))
#26 C:/Users/Usuario/Downloads/citas-medicas-laravel-actualizado/citas-medicas-laravel/vendor/laravel/framework/src/Illuminate/Cookie/Middleware/AddQueuedCookiesToResponse.php(37): Illuminate/Pipeline/Pipeline->{closure:{closure:Illuminate/Pipeline/Pipeline::carry():184}:185}(Object(Illuminate/Http/Request))
#27 C:/Users/Usuario/Downloads/citas-medicas-laravel-actualizado/citas-medicas-laravel/vendor/laravel/framework/src/Illuminate/Pipeline/Pipeline.php(209): Illuminate/Cookie/Middleware/AddQueuedCookiesToResponse->handle(Object(Illuminate/Http/Request), Object(Closure))
#28 C:/Users/Usuario/Downloads/citas-medicas-laravel-actualizado/citas-medicas-laravel/vendor/laravel/framework/src/Illuminate/Cookie/Middleware/EncryptCookies.php(75): Illuminate/Pipeline/Pipeline->{closure:{closure:Illuminate/Pipeline/Pipeline::carry():184}:185}(Object(Illuminate/Http/Request))
#29 C:/Users/Usuario/Downloads/citas-medicas-laravel-actualizado/citas-medicas-laravel/vendor/laravel/framework/src/Illuminate/Pipeline/Pipeline.php(209): Illuminate/Cookie/Middleware/EncryptCookies->handle(Object(Illuminate/Http/Request), Object(Closure))
#30 C:/Users/Usuario/Downloads/citas-medicas-laravel-actualizado/citas-medicas-laravel/vendor/laravel/framework/src/Illuminate/Pipeline/Pipeline.php(127): Illuminate/Pipeline/Pipeline->{closure:{closure:Illuminate/Pipeline/Pipeline::carry():184}:185}(Object(Illuminate/Http/Request))
#31 C:/Users/Usuario/Downloads/citas-medicas-laravel-actualizado/citas-medicas-laravel/vendor/laravel/framework/src/Illuminate/Routing/Router.php(807): Illuminate/Pipeline/Pipeline->then(Object(Closure))
#32 C:/Users/Usuario/Downloads/citas-medicas-laravel-actualizado/citas-medicas-laravel/vendor/laravel/framework/src/Illuminate/Routing/Router.php(786): Illuminate/Routing/Router->runRouteWithinStack(Object(Illuminate/Routing/Route), Object(Illuminate/Http/Request))
#33 C:/Users/Usuario/Downloads/citas-medicas-laravel-actualizado/citas-medicas-laravel/vendor/laravel/framework/src/Illuminate/Routing/Router.php(750): Illuminate/Routing/Router->runRoute(Object(Illuminate/Http/Request), Object(Illuminate/Routing/Route))
#34 C:/Users/Usuario/Downloads/citas-medicas-laravel-actualizado/citas-medicas-laravel/vendor/laravel/framework/src/Illuminate/Routing/Router.php(739): Illuminate/Routing/Router->dispatchToRoute(Object(Illuminate/Http/Request))
#35 C:/Users/Usuario/Downloads/citas-medicas-laravel-actualizado/citas-medicas-laravel/vendor/laravel/framework/src/Illuminate/Foundation/Http/Kernel.php(201): Illuminate/Routing/Router->dispatch(Object(Illuminate/Http/Request))
#36 C:/Users/Usuario/Downloads/citas-medicas-laravel-actualizado/citas-medicas-laravel/vendor/laravel/framework/src/Illuminate/Pipeline/Pipeline.php(170): Illuminate/Foundation/Http/Kernel->{closure:Illuminate/Foundation/Http/Kernel::dispatchToRouter():198}(Object(Illuminate/Http/Request))
#37 C:/Users/Usuario/Downloads/citas-medicas-laravel-actualizado/citas-medicas-laravel/vendor/laravel/framework/src/Illuminate/Foundation/Http/Middleware/TransformsRequest.php(21): Illuminate/Pipeline/Pipeline->{closure:Illuminate/Pipeline/Pipeline::prepareDestination():168}(Object(Illuminate/Http/Request))
#38 C:/Users/Usuario/Downloads/citas-medicas-laravel-actualizado/citas-medicas-laravel/vendor/laravel/framework/src/Illuminate/Foundation/Http/Middleware/ConvertEmptyStringsToNull.php(31): Illuminate/Foundation/Http/Middleware/TransformsRequest->handle(Object(Illuminate/Http/Request), Object(Closure))
#39 C:/Users/Usuario/Downloads/citas-medicas-laravel-actualizado/citas-medicas-laravel/vendor/laravel/framework/src/Illuminate/Pipeline/Pipeline.php(209): Illuminate/Foundation/Http/Middleware/ConvertEmptyStringsToNull->handle(Object(Illuminate/Http/Request), Object(Closure))
#40 C:/Users/Usuario/Downloads/citas-medicas-laravel-actualizado/citas-medicas-laravel/vendor/laravel/framework/src/Illuminate/Foundation/Http/Middleware/TransformsRequest.php(21): Illuminate/Pipeline/Pipeline->{closure:{closure:Illuminate/Pipeline/Pipeline::carry():184}:185}(Object(Illuminate/Http/Request))
#41 C:/Users/Usuario/Downloads/citas-medicas-laravel-actualizado/citas-medicas-laravel/vendor/laravel/framework/src/Illuminate/Foundation/Http/Middleware/TrimStrings.php(51): Illuminate/Foundation/Http/Middleware/TransformsRequest->handle(Object(Illuminate/Http/Request), Object(Closure))
#42 C:/Users/Usuario/Downloads/citas-medicas-laravel-actualizado/citas-medicas-laravel/vendor/laravel/framework/src/Illuminate/Pipeline/Pipeline.php(209): Illuminate/Foundation/Http/Middleware/TrimStrings->handle(Object(Illuminate/Http/Request), Object(Closure))
#43 C:/Users/Usuario/Downloads/citas-medicas-laravel-actualizado/citas-medicas-laravel/vendor/laravel/framework/src/Illuminate/Http/Middleware/ValidatePostSize.php(27): Illuminate/Pipeline/Pipeline->{closure:{closure:Illuminate/Pipeline/Pipeline::carry():184}:185}(Object(Illuminate/Http/Request))
#44 C:/Users/Usuario/Downloads/citas-medicas-laravel-actualizado/citas-medicas-laravel/vendor/laravel/framework/src/Illuminate/Pipeline/Pipeline.php(209): Illuminate/Http/Middleware/ValidatePostSize->handle(Object(Illuminate/Http/Request), Object(Closure))
#45 C:/Users/Usuario/Downloads/citas-medicas-laravel-actualizado/citas-medicas-laravel/vendor/laravel/framework/src/Illuminate/Foundation/Http/Middleware/PreventRequestsDuringMaintenance.php(110): Illuminate/Pipeline/Pipeline->{closure:{closure:Illuminate/Pipeline/Pipeline::carry():184}:185}(Object(Illuminate/Http/Request))
#46 C:/Users/Usuario/Downloads/citas-medicas-laravel-actualizado/citas-medicas-laravel/vendor/laravel/framework/src/Illuminate/Pipeline/Pipeline.php(209): Illuminate/Foundation/Http/Middleware/PreventRequestsDuringMaintenance->handle(Object(Illuminate/Http/Request), Object(Closure))
#47 C:/Users/Usuario/Downloads/citas-medicas-laravel-actualizado/citas-medicas-laravel/vendor/laravel/framework/src/Illuminate/Http/Middleware/HandleCors.php(49): Illuminate/Pipeline/Pipeline->{closure:{closure:Illuminate/Pipeline/Pipeline::carry():184}:185}(Object(Illuminate/Http/Request))
#48 C:/Users/Usuario/Downloads/citas-medicas-laravel-actualizado/citas-medicas-laravel/vendor/laravel/framework/src/Illuminate/Pipeline/Pipeline.php(209): Illuminate/Http/Middleware/HandleCors->handle(Object(Illuminate/Http/Request), Object(Closure))
#49 C:/Users/Usuario/Downloads/citas-medicas-laravel-actualizado/citas-medicas-laravel/vendor/laravel/framework/src/Illuminate/Http/Middleware/TrustProxies.php(58): Illuminate/Pipeline/Pipeline->{closure:{closure:Illuminate/Pipeline/Pipeline::carry():184}:185}(Object(Illuminate/Http/Request))
#50 C:/Users/Usuario/Downloads/citas-medicas-laravel-actualizado/citas-medicas-laravel/vendor/laravel/framework/src/Illuminate/Pipeline/Pipeline.php(209): Illuminate/Http/Middleware/TrustProxies->handle(Object(Illuminate/Http/Request), Object(Closure))
#51 C:/Users/Usuario/Downloads/citas-medicas-laravel-actualizado/citas-medicas-laravel/vendor/laravel/framework/src/Illuminate/Foundation/Http/Middleware/InvokeDeferredCallbacks.php(22): Illuminate/Pipeline/Pipeline->{closure:{closure:Illuminate/Pipeline/Pipeline::carry():184}:185}(Object(Illuminate/Http/Request))
#52 C:/Users/Usuario/Downloads/citas-medicas-laravel-actualizado/citas-medicas-laravel/vendor/laravel/framework/src/Illuminate/Pipeline/Pipeline.php(209): Illuminate/Foundation/Http/Middleware/InvokeDeferredCallbacks->handle(Object(Illuminate/Http/Request), Object(Closure))
#53 C:/Users/Usuario/Downloads/citas-medicas-laravel-actualizado/citas-medicas-laravel/vendor/laravel/framework/src/Illuminate/Pipeline/Pipeline.php(127): Illuminate/Pipeline/Pipeline->{closure:{closure:Illuminate/Pipeline/Pipeline::carry():184}:185}(Object(Illuminate/Http/Request))
#54 C:/Users/Usuario/Downloads/citas-medicas-laravel-actualizado/citas-medicas-laravel/vendor/laravel/framework/src/Illuminate/Foundation/Http/Kernel.php(176): Illuminate/Pipeline/Pipeline->then(Object(Closure))
#55 C:/Users/Usuario/Downloads/citas-medicas-laravel-actualizado/citas-medicas-laravel/vendor/laravel/framework/src/Illuminate/Foundation/Http/Kernel.php(145): Illuminate/Foundation/Http/Kernel->sendRequestThroughRouter(Object(Illuminate/Http/Request))
#56 C:/Users/Usuario/Downloads/citas-medicas-laravel-actualizado/citas-medicas-laravel/vendor/laravel/framework/src/Illuminate/Foundation/Application.php(1220): Illuminate/Foundation/Http/Kernel->handle(Object(Illuminate/Http/Request))
#57 C:/Users/Usuario/Downloads/citas-medicas-laravel-actualizado/citas-medicas-laravel/public/index.php(21): Illuminate/Foundation/Application->handleRequest(Object(Illuminate/Http/Request))
#58 C:/Users/Usuario/Downloads/citas-medicas-laravel-actualizado/citas-medicas-laravel/vendor/laravel/framework/src/Illuminate/Foundation/resources/server.php(23): require_once('C://Users//Usuari...')
#59 {main}
"} 
[2026-07-25 00:02:44] local.INFO: Codigo de recuperacion de contraseña para anavasquezmisho@gmail.com: 988400  
[2026-07-25 00:55:04] testing.ERROR: Excepcion no controlada: SQLSTATE[23000]: Integrity constraint violation: 19 UNIQUE constraint failed: citas.doctor_id, citas.fecha, citas.hora (Connection: sqlite, SQL: insert into "citas" ("paciente_id", "doctor_id", "fecha", "hora", "motivo", "estado", "creado_por", "updated_at", "created_at") values (2, 1, 2026-07-27 00:00:00, 09:00, Otra consulta, pendiente, 1, 2026-07-25 00:55:04, 2026-07-25 00:55:04)) {"excepcion":"Illuminate\\Database\\UniqueConstraintViolationException","usuario_id":1,"url":"http://localhost/citas","metodo":"POST","archivo":"C:\\Users\\Usuario\\Downloads\\citas-medicas-laravel-actualizado\\citas-medicas-laravel\\vendor\\laravel\\framework\\src\\Illuminate\\Database\\Connection.php:820"} 
[2026-07-25 00:55:04] testing.ERROR: SQLSTATE[23000]: Integrity constraint violation: 19 UNIQUE constraint failed: citas.doctor_id, citas.fecha, citas.hora (Connection: sqlite, SQL: insert into "citas" ("paciente_id", "doctor_id", "fecha", "hora", "motivo", "estado", "creado_por", "updated_at", "created_at") values (2, 1, 2026-07-27 00:00:00, 09:00, Otra consulta, pendiente, 1, 2026-07-25 00:55:04, 2026-07-25 00:55:04)) {"userId":1,"exception":"[object] (Illuminate\\Database\\UniqueConstraintViolationException(code: 23000): SQLSTATE[23000]: Integrity constraint violation: 19 UNIQUE constraint failed: citas.doctor_id, citas.fecha, citas.hora (Connection: sqlite, SQL: insert into \"citas\" (\"paciente_id\", \"doctor_id\", \"fecha\", \"hora\", \"motivo\", \"estado\", \"creado_por\", \"updated_at\", \"created_at\") values (2, 1, 2026-07-27 00:00:00, 09:00, Otra consulta, pendiente, 1, 2026-07-25 00:55:04, 2026-07-25 00:55:04)) at C:/Users/Usuario/Downloads/citas-medicas-laravel-actualizado/citas-medicas-laravel/vendor/laravel/framework/src/Illuminate/Database/Connection.php:820)
[stacktrace]
#0 C:/Users/Usuario/Downloads/citas-medicas-laravel-actualizado/citas-medicas-laravel/vendor/laravel/framework/src/Illuminate/Database/Connection.php(779): Illuminate/Database/Connection->runQueryCallback('insert into \"ci...', Array, Object(Closure))
#1 C:/Users/Usuario/Downloads/citas-medicas-laravel-actualizado/citas-medicas-laravel/vendor/laravel/framework/src/Illuminate/Database/Connection.php(560): Illuminate/Database/Connection->run('insert into \"ci...', Array, Object(Closure))
#2 C:/Users/Usuario/Downloads/citas-medicas-laravel-actualizado/citas-medicas-laravel/vendor/laravel/framework/src/Illuminate/Database/Connection.php(524): Illuminate/Database/Connection->statement('insert into \"ci...', Array)
#3 C:/Users/Usuario/Downloads/citas-medicas-laravel-actualizado/citas-medicas-laravel/vendor/laravel/framework/src/Illuminate/Database/Query/Processors/Processor.php(32): Illuminate/Database/Connection->insert('insert into \"ci...', Array)
#4 C:/Users/Usuario/Downloads/citas-medicas-laravel-actualizado/citas-medicas-laravel/vendor/laravel/framework/src/Illuminate/Database/Query/Builder.php(3766): Illuminate/Database/Query/Processors/Processor->processInsertGetId(Object(Illuminate/Database/Query/Builder), 'insert into \"ci...', Array, 'id')
#5 C:/Users/Usuario/Downloads/citas-medicas-laravel-actualizado/citas-medicas-laravel/vendor/laravel/framework/src/Illuminate/Database/Eloquent/Builder.php(2120): Illuminate/Database/Query/Builder->insertGetId(Array, 'id')
#6 C:/Users/Usuario/Downloads/citas-medicas-laravel-actualizado/citas-medicas-laravel/vendor/laravel/framework/src/Illuminate/Database/Eloquent/Model.php(1359): Illuminate/Database/Eloquent/Builder->__call('insertGetId', Array)
#7 C:/Users/Usuario/Downloads/citas-medicas-laravel-actualizado/citas-medicas-laravel/vendor/laravel/framework/src/Illuminate/Database/Eloquent/Model.php(1324): Illuminate/Database/Eloquent/Model->insertAndSetId(Object(Illuminate/Database/Eloquent/Builder), Array)
#8 C:/Users/Usuario/Downloads/citas-medicas-laravel-actualizado/citas-medicas-laravel/vendor/laravel/framework/src/Illuminate/Database/Eloquent/Model.php(1163): Illuminate/Database/Eloquent/Model->performInsert(Object(Illuminate/Database/Eloquent/Builder))
#9 C:/Users/Usuario/Downloads/citas-medicas-laravel-actualizado/citas-medicas-laravel/vendor/laravel/framework/src/Illuminate/Database/Eloquent/Builder.php(1128): Illuminate/Database/Eloquent/Model->save()
#10 C:/Users/Usuario/Downloads/citas-medicas-laravel-actualizado/citas-medicas-laravel/vendor/laravel/framework/src/Illuminate/Support/helpers.php(399): Illuminate/Database/Eloquent/Builder->{closure:Illuminate/Database/Eloquent/Builder::create():1127}(Object(App/Models/Cita))
#11 C:/Users/Usuario/Downloads/citas-medicas-laravel-actualizado/citas-medicas-laravel/vendor/laravel/framework/src/Illuminate/Database/Eloquent/Builder.php(1127): tap(Object(App/Models/Cita), Object(Closure))
#12 C:/Users/Usuario/Downloads/citas-medicas-laravel-actualizado/citas-medicas-laravel/vendor/laravel/framework/src/Illuminate/Support/Traits/ForwardsCalls.php(23): Illuminate/Database/Eloquent/Builder->create(Array)
#13 C:/Users/Usuario/Downloads/citas-medicas-laravel-actualizado/citas-medicas-laravel/vendor/laravel/framework/src/Illuminate/Database/Eloquent/Model.php(2372): Illuminate/Database/Eloquent/Model->forwardCallTo(Object(Illuminate/Database/Eloquent/Builder), 'create', Array)
#14 C:/Users/Usuario/Downloads/citas-medicas-laravel-actualizado/citas-medicas-laravel/vendor/laravel/framework/src/Illuminate/Database/Eloquent/Model.php(2384): Illuminate/Database/Eloquent/Model->__call('create', Array)
#15 C:/Users/Usuario/Downloads/citas-medicas-laravel-actualizado/citas-medicas-laravel/app/Http/Controllers/CitaController.php(86): Illuminate/Database/Eloquent/Model::__callStatic('create', Array)
#16 C:/Users/Usuario/Downloads/citas-medicas-laravel-actualizado/citas-medicas-laravel/vendor/laravel/framework/src/Illuminate/Routing/ControllerDispatcher.php(47): App/Http/Controllers/CitaController->store(Object(Illuminate/Http/Request))
#17 C:/Users/Usuario/Downloads/citas-medicas-laravel-actualizado/citas-medicas-laravel/vendor/laravel/framework/src/Illuminate/Routing/Route.php(266): Illuminate/Routing/ControllerDispatcher->dispatch(Object(Illuminate/Routing/Route), Object(App/Http/Controllers/CitaController), 'store')
#18 C:/Users/Usuario/Downloads/citas-medicas-laravel-actualizado/citas-medicas-laravel/vendor/laravel/framework/src/Illuminate/Routing/Route.php(212): Illuminate/Routing/Route->runController()
#19 C:/Users/Usuario/Downloads/citas-medicas-laravel-actualizado/citas-medicas-laravel/vendor/laravel/framework/src/Illuminate/Routing/Router.php(808): Illuminate/Routing/Route->run()
#20 C:/Users/Usuario/Downloads/citas-medicas-laravel-actualizado/citas-medicas-laravel/vendor/laravel/framework/src/Illuminate/Pipeline/Pipeline.php(170): Illuminate/Routing/Router->{closure:Illuminate/Routing/Router::runRouteWithinStack():807}(Object(Illuminate/Http/Request))
#21 C:/Users/Usuario/Downloads/citas-medicas-laravel-actualizado/citas-medicas-laravel/app/Http/Middleware/EnsureRole.php(23): Illuminate/Pipeline/Pipeline->{closure:Illuminate/Pipeline/Pipeline::prepareDestination():168}(Object(Illuminate/Http/Request))
#22 C:/Users/Usuario/Downloads/citas-medicas-laravel-actualizado/citas-medicas-laravel/vendor/laravel/framework/src/Illuminate/Pipeline/Pipeline.php(209): App/Http/Middleware/EnsureRole->handle(Object(Illuminate/Http/Request), Object(Closure), 'admin', 'recepcionista', 'doctor')
#23 C:/Users/Usuario/Downloads/citas-medicas-laravel-actualizado/citas-medicas-laravel/vendor/laravel/framework/src/Illuminate/Routing/Middleware/SubstituteBindings.php(51): Illuminate/Pipeline/Pipeline->{closure:{closure:Illuminate/Pipeline/Pipeline::carry():184}:185}(Object(Illuminate/Http/Request))
#24 C:/Users/Usuario/Downloads/citas-medicas-laravel-actualizado/citas-medicas-laravel/vendor/laravel/framework/src/Illuminate/Pipeline/Pipeline.php(209): Illuminate/Routing/Middleware/SubstituteBindings->handle(Object(Illuminate/Http/Request), Object(Closure))
#25 C:/Users/Usuario/Downloads/citas-medicas-laravel-actualizado/citas-medicas-laravel/vendor/laravel/framework/src/Illuminate/Auth/Middleware/Authenticate.php(64): Illuminate/Pipeline/Pipeline->{closure:{closure:Illuminate/Pipeline/Pipeline::carry():184}:185}(Object(Illuminate/Http/Request))
#26 C:/Users/Usuario/Downloads/citas-medicas-laravel-actualizado/citas-medicas-laravel/vendor/laravel/framework/src/Illuminate/Pipeline/Pipeline.php(209): Illuminate/Auth/Middleware/Authenticate->handle(Object(Illuminate/Http/Request), Object(Closure))
#27 C:/Users/Usuario/Downloads/citas-medicas-laravel-actualizado/citas-medicas-laravel/vendor/laravel/framework/src/Illuminate/Foundation/Http/Middleware/VerifyCsrfToken.php(88): Illuminate/Pipeline/Pipeline->{closure:{closure:Illuminate/Pipeline/Pipeline::carry():184}:185}(Object(Illuminate/Http/Request))
#28 C:/Users/Usuario/Downloads/citas-medicas-laravel-actualizado/citas-medicas-laravel/vendor/laravel/framework/src/Illuminate/Pipeline/Pipeline.php(209): Illuminate/Foundation/Http/Middleware/VerifyCsrfToken->handle(Object(Illuminate/Http/Request), Object(Closure))
#29 C:/Users/Usuario/Downloads/citas-medicas-laravel-actualizado/citas-medicas-laravel/vendor/laravel/framework/src/Illuminate/View/Middleware/ShareErrorsFromSession.php(49): Illuminate/Pipeline/Pipeline->{closure:{closure:Illuminate/Pipeline/Pipeline::carry():184}:185}(Object(Illuminate/Http/Request))
#30 C:/Users/Usuario/Downloads/citas-medicas-laravel-actualizado/citas-medicas-laravel/vendor/laravel/framework/src/Illuminate/Pipeline/Pipeline.php(209): Illuminate/View/Middleware/ShareErrorsFromSession->handle(Object(Illuminate/Http/Request), Object(Closure))
#31 C:/Users/Usuario/Downloads/citas-medicas-laravel-actualizado/citas-medicas-laravel/vendor/laravel/framework/src/Illuminate/Session/Middleware/StartSession.php(121): Illuminate/Pipeline/Pipeline->{closure:{closure:Illuminate/Pipeline/Pipeline::carry():184}:185}(Object(Illuminate/Http/Request))
#32 C:/Users/Usuario/Downloads/citas-medicas-laravel-actualizado/citas-medicas-laravel/vendor/laravel/framework/src/Illuminate/Session/Middleware/StartSession.php(64): Illuminate/Session/Middleware/StartSession->handleStatefulRequest(Object(Illuminate/Http/Request), Object(Illuminate/Session/Store), Object(Closure))
#33 C:/Users/Usuario/Downloads/citas-medicas-laravel-actualizado/citas-medicas-laravel/vendor/laravel/framework/src/Illuminate/Pipeline/Pipeline.php(209): Illuminate/Session/Middleware/StartSession->handle(Object(Illuminate/Http/Request), Object(Closure))
#34 C:/Users/Usuario/Downloads/citas-medicas-laravel-actualizado/citas-medicas-laravel/vendor/laravel/framework/src/Illuminate/Cookie/Middleware/AddQueuedCookiesToResponse.php(37): Illuminate/Pipeline/Pipeline->{closure:{closure:Illuminate/Pipeline/Pipeline::carry():184}:185}(Object(Illuminate/Http/Request))
#35 C:/Users/Usuario/Downloads/citas-medicas-laravel-actualizado/citas-medicas-laravel/vendor/laravel/framework/src/Illuminate/Pipeline/Pipeline.php(209): Illuminate/Cookie/Middleware/AddQueuedCookiesToResponse->handle(Object(Illuminate/Http/Request), Object(Closure))
#36 C:/Users/Usuario/Downloads/citas-medicas-laravel-actualizado/citas-medicas-laravel/vendor/laravel/framework/src/Illuminate/Cookie/Middleware/EncryptCookies.php(75): Illuminate/Pipeline/Pipeline->{closure:{closure:Illuminate/Pipeline/Pipeline::carry():184}:185}(Object(Illuminate/Http/Request))
#37 C:/Users/Usuario/Downloads/citas-medicas-laravel-actualizado/citas-medicas-laravel/vendor/laravel/framework/src/Illuminate/Pipeline/Pipeline.php(209): Illuminate/Cookie/Middleware/EncryptCookies->handle(Object(Illuminate/Http/Request), Object(Closure))
#38 C:/Users/Usuario/Downloads/citas-medicas-laravel-actualizado/citas-medicas-laravel/vendor/laravel/framework/src/Illuminate/Pipeline/Pipeline.php(127): Illuminate/Pipeline/Pipeline->{closure:{closure:Illuminate/Pipeline/Pipeline::carry():184}:185}(Object(Illuminate/Http/Request))
#39 C:/Users/Usuario/Downloads/citas-medicas-laravel-actualizado/citas-medicas-laravel/vendor/laravel/framework/src/Illuminate/Routing/Router.php(807): Illuminate/Pipeline/Pipeline->then(Object(Closure))
#40 C:/Users/Usuario/Downloads/citas-medicas-laravel-actualizado/citas-medicas-laravel/vendor/laravel/framework/src/Illuminate/Routing/Router.php(786): Illuminate/Routing/Router->runRouteWithinStack(Object(Illuminate/Routing/Route), Object(Illuminate/Http/Request))
#41 C:/Users/Usuario/Downloads/citas-medicas-laravel-actualizado/citas-medicas-laravel/vendor/laravel/framework/src/Illuminate/Routing/Router.php(750): Illuminate/Routing/Router->runRoute(Object(Illuminate/Http/Request), Object(Illuminate/Routing/Route))
#42 C:/Users/Usuario/Downloads/citas-medicas-laravel-actualizado/citas-medicas-laravel/vendor/laravel/framework/src/Illuminate/Routing/Router.php(739): Illuminate/Routing/Router->dispatchToRoute(Object(Illuminate/Http/Request))
#43 C:/Users/Usuario/Downloads/citas-medicas-laravel-actualizado/citas-medicas-laravel/vendor/laravel/framework/src/Illuminate/Foundation/Http/Kernel.php(201): Illuminate/Routing/Router->dispatch(Object(Illuminate/Http/Request))
#44 C:/Users/Usuario/Downloads/citas-medicas-laravel-actualizado/citas-medicas-laravel/vendor/laravel/framework/src/Illuminate/Pipeline/Pipeline.php(170): Illuminate/Foundation/Http/Kernel->{closure:Illuminate/Foundation/Http/Kernel::dispatchToRouter():198}(Object(Illuminate/Http/Request))
#45 C:/Users/Usuario/Downloads/citas-medicas-laravel-actualizado/citas-medicas-laravel/vendor/laravel/framework/src/Illuminate/Foundation/Http/Middleware/TransformsRequest.php(21): Illuminate/Pipeline/Pipeline->{closure:Illuminate/Pipeline/Pipeline::prepareDestination():168}(Object(Illuminate/Http/Request))
#46 C:/Users/Usuario/Downloads/citas-medicas-laravel-actualizado/citas-medicas-laravel/vendor/laravel/framework/src/Illuminate/Foundation/Http/Middleware/ConvertEmptyStringsToNull.php(31): Illuminate/Foundation/Http/Middleware/TransformsRequest->handle(Object(Illuminate/Http/Request), Object(Closure))
#47 C:/Users/Usuario/Downloads/citas-medicas-laravel-actualizado/citas-medicas-laravel/vendor/laravel/framework/src/Illuminate/Pipeline/Pipeline.php(209): Illuminate/Foundation/Http/Middleware/ConvertEmptyStringsToNull->handle(Object(Illuminate/Http/Request), Object(Closure))
#48 C:/Users/Usuario/Downloads/citas-medicas-laravel-actualizado/citas-medicas-laravel/vendor/laravel/framework/src/Illuminate/Foundation/Http/Middleware/TransformsRequest.php(21): Illuminate/Pipeline/Pipeline->{closure:{closure:Illuminate/Pipeline/Pipeline::carry():184}:185}(Object(Illuminate/Http/Request))
#49 C:/Users/Usuario/Downloads/citas-medicas-laravel-actualizado/citas-medicas-laravel/vendor/laravel/framework/src/Illuminate/Foundation/Http/Middleware/TrimStrings.php(51): Illuminate/Foundation/Http/Middleware/TransformsRequest->handle(Object(Illuminate/Http/Request), Object(Closure))
#50 C:/Users/Usuario/Downloads/citas-medicas-laravel-actualizado/citas-medicas-laravel/vendor/laravel/framework/src/Illuminate/Pipeline/Pipeline.php(209): Illuminate/Foundation/Http/Middleware/TrimStrings->handle(Object(Illuminate/Http/Request), Object(Closure))
#51 C:/Users/Usuario/Downloads/citas-medicas-laravel-actualizado/citas-medicas-laravel/vendor/laravel/framework/src/Illuminate/Http/Middleware/ValidatePostSize.php(27): Illuminate/Pipeline/Pipeline->{closure:{closure:Illuminate/Pipeline/Pipeline::carry():184}:185}(Object(Illuminate/Http/Request))
#52 C:/Users/Usuario/Downloads/citas-medicas-laravel-actualizado/citas-medicas-laravel/vendor/laravel/framework/src/Illuminate/Pipeline/Pipeline.php(209): Illuminate/Http/Middleware/ValidatePostSize->handle(Object(Illuminate/Http/Request), Object(Closure))
#53 C:/Users/Usuario/Downloads/citas-medicas-laravel-actualizado/citas-medicas-laravel/vendor/laravel/framework/src/Illuminate/Foundation/Http/Middleware/PreventRequestsDuringMaintenance.php(110): Illuminate/Pipeline/Pipeline->{closure:{closure:Illuminate/Pipeline/Pipeline::carry():184}:185}(Object(Illuminate/Http/Request))
#54 C:/Users/Usuario/Downloads/citas-medicas-laravel-actualizado/citas-medicas-laravel/vendor/laravel/framework/src/Illuminate/Pipeline/Pipeline.php(209): Illuminate/Foundation/Http/Middleware/PreventRequestsDuringMaintenance->handle(Object(Illuminate/Http/Request), Object(Closure))
#55 C:/Users/Usuario/Downloads/citas-medicas-laravel-actualizado/citas-medicas-laravel/vendor/laravel/framework/src/Illuminate/Http/Middleware/HandleCors.php(49): Illuminate/Pipeline/Pipeline->{closure:{closure:Illuminate/Pipeline/Pipeline::carry():184}:185}(Object(Illuminate/Http/Request))
#56 C:/Users/Usuario/Downloads/citas-medicas-laravel-actualizado/citas-medicas-laravel/vendor/laravel/framework/src/Illuminate/Pipeline/Pipeline.php(209): Illuminate/Http/Middleware/HandleCors->handle(Object(Illuminate/Http/Request), Object(Closure))
#57 C:/Users/Usuario/Downloads/citas-medicas-laravel-actualizado/citas-medicas-laravel/vendor/laravel/framework/src/Illuminate/Http/Middleware/TrustProxies.php(58): Illuminate/Pipeline/Pipeline->{closure:{closure:Illuminate/Pipeline/Pipeline::carry():184}:185}(Object(Illuminate/Http/Request))
#58 C:/Users/Usuario/Downloads/citas-medicas-laravel-actualizado/citas-medicas-laravel/vendor/laravel/framework/src/Illuminate/Pipeline/Pipeline.php(209): Illuminate/Http/Middleware/TrustProxies->handle(Object(Illuminate/Http/Request), Object(Closure))
#59 C:/Users/Usuario/Downloads/citas-medicas-laravel-actualizado/citas-medicas-laravel/vendor/laravel/framework/src/Illuminate/Foundation/Http/Middleware/InvokeDeferredCallbacks.php(22): Illuminate/Pipeline/Pipeline->{closure:{closure:Illuminate/Pipeline/Pipeline::carry():184}:185}(Object(Illuminate/Http/Request))
#60 C:/Users/Usuario/Downloads/citas-medicas-laravel-actualizado/citas-medicas-laravel/vendor/laravel/framework/src/Illuminate/Pipeline/Pipeline.php(209): Illuminate/Foundation/Http/Middleware/InvokeDeferredCallbacks->handle(Object(Illuminate/Http/Request), Object(Closure))
#61 C:/Users/Usuario/Downloads/citas-medicas-laravel-actualizado/citas-medicas-laravel/vendor/laravel/framework/src/Illuminate/Pipeline/Pipeline.php(127): Illuminate/Pipeline/Pipeline->{closure:{closure:Illuminate/Pipeline/Pipeline::carry():184}:185}(Object(Illuminate/Http/Request))
#62 C:/Users/Usuario/Downloads/citas-medicas-laravel-actualizado/citas-medicas-laravel/vendor/laravel/framework/src/Illuminate/Foundation/Http/Kernel.php(176): Illuminate/Pipeline/Pipeline->then(Object(Closure))
#63 C:/Users/Usuario/Downloads/citas-medicas-laravel-actualizado/citas-medicas-laravel/vendor/laravel/framework/src/Illuminate/Foundation/Http/Kernel.php(145): Illuminate/Foundation/Http/Kernel->sendRequestThroughRouter(Object(Illuminate/Http/Request))
#64 C:/Users/Usuario/Downloads/citas-medicas-laravel-actualizado/citas-medicas-laravel/vendor/laravel/framework/src/Illuminate/Foundation/Testing/Concerns/MakesHttpRequests.php(607): Illuminate/Foundation/Http/Kernel->handle(Object(Illuminate/Http/Request))
#65 C:/Users/Usuario/Downloads/citas-medicas-laravel-actualizado/citas-medicas-laravel/vendor/laravel/framework/src/Illuminate/Foundation/Testing/Concerns/MakesHttpRequests.php(397): Illuminate/Foundation/Testing/TestCase->call('POST', 'http://localhos...', Array, Array, Array, Array)
#66 C:/Users/Usuario/Downloads/citas-medicas-laravel-actualizado/citas-medicas-laravel/tests/Feature/Validacion/CitaValidacionTest.php(96): Illuminate/Foundation/Testing/TestCase->post('http://localhos...', Array)
#67 C:/Users/Usuario/Downloads/citas-medicas-laravel-actualizado/citas-medicas-laravel/vendor/phpunit/phpunit/src/Framework/TestCase.php(1667): Tests/Feature/Validacion/CitaValidacionTest->test_no_permite_dos_citas_para_el_mismo_doctor_en_la_misma_fecha_y_hora()
#68 C:/Users/Usuario/Downloads/citas-medicas-laravel-actualizado/citas-medicas-laravel/vendor/phpunit/phpunit/src/Framework/TestCase.php(519): PHPUnit/Framework/TestCase->runTest()
#69 C:/Users/Usuario/Downloads/citas-medicas-laravel-actualizado/citas-medicas-laravel/vendor/phpunit/phpunit/src/Framework/TestRunner/TestRunner.php(87): PHPUnit/Framework/TestCase->runBare()
#70 C:/Users/Usuario/Downloads/citas-medicas-laravel-actualizado/citas-medicas-laravel/vendor/phpunit/phpunit/src/Framework/TestCase.php(365): PHPUnit/Framework/TestRunner->run(Object(Tests/Feature/Validacion/CitaValidacionTest))
#71 C:/Users/Usuario/Downloads/citas-medicas-laravel-actualizado/citas-medicas-laravel/vendor/phpunit/phpunit/src/Framework/TestSuite.php(369): PHPUnit/Framework/TestCase->run()
#72 C:/Users/Usuario/Downloads/citas-medicas-laravel-actualizado/citas-medicas-laravel/vendor/phpunit/phpunit/src/Framework/TestSuite.php(369): PHPUnit/Framework/TestSuite->run()
#73 C:/Users/Usuario/Downloads/citas-medicas-laravel-actualizado/citas-medicas-laravel/vendor/phpunit/phpunit/src/Framework/TestSuite.php(369): PHPUnit/Framework/TestSuite->run()
#74 C:/Users/Usuario/Downloads/citas-medicas-laravel-actualizado/citas-medicas-laravel/vendor/phpunit/phpunit/src/TextUI/TestRunner.php(64): PHPUnit/Framework/TestSuite->run()
#75 C:/Users/Usuario/Downloads/citas-medicas-laravel-actualizado/citas-medicas-laravel/vendor/phpunit/phpunit/src/TextUI/Application.php(211): PHPUnit/TextUI/TestRunner->run(Object(PHPUnit/TextUI/Configuration/Configuration), Object(PHPUnit/Runner/ResultCache/DefaultResultCache), Object(PHPUnit/Framework/TestSuite))
#76 C:/Users/Usuario/Downloads/citas-medicas-laravel-actualizado/citas-medicas-laravel/vendor/phpunit/phpunit/phpunit(104): PHPUnit/TextUI/Application->run(Array)
#77 {main}

[previous exception] [object] (PDOException(code: 23000): SQLSTATE[23000]: Integrity constraint violation: 19 UNIQUE constraint failed: citas.doctor_id, citas.fecha, citas.hora at C:/Users/Usuario/Downloads/citas-medicas-laravel-actualizado/citas-medicas-laravel/vendor/laravel/framework/src/Illuminate/Database/Connection.php:571)
[stacktrace]
#0 C:/Users/Usuario/Downloads/citas-medicas-laravel-actualizado/citas-medicas-laravel/vendor/laravel/framework/src/Illuminate/Database/Connection.php(571): PDOStatement->execute()
#1 C:/Users/Usuario/Downloads/citas-medicas-laravel-actualizado/citas-medicas-laravel/vendor/laravel/framework/src/Illuminate/Database/Connection.php(812): Illuminate/Database/Connection->{closure:Illuminate/Database/Connection::statement():560}('insert into \"ci...', Array)
#2 C:/Users/Usuario/Downloads/citas-medicas-laravel-actualizado/citas-medicas-laravel/vendor/laravel/framework/src/Illuminate/Database/Connection.php(779): Illuminate/Database/Connection->runQueryCallback('insert into \"ci...', Array, Object(Closure))
#3 C:/Users/Usuario/Downloads/citas-medicas-laravel-actualizado/citas-medicas-laravel/vendor/laravel/framework/src/Illuminate/Database/Connection.php(560): Illuminate/Database/Connection->run('insert into \"ci...', Array, Object(Closure))
#4 C:/Users/Usuario/Downloads/citas-medicas-laravel-actualizado/citas-medicas-laravel/vendor/laravel/framework/src/Illuminate/Database/Connection.php(524): Illuminate/Database/Connection->statement('insert into \"ci...', Array)
#5 C:/Users/Usuario/Downloads/citas-medicas-laravel-actualizado/citas-medicas-laravel/vendor/laravel/framework/src/Illuminate/Database/Query/Processors/Processor.php(32): Illuminate/Database/Connection->insert('insert into \"ci...', Array)
#6 C:/Users/Usuario/Downloads/citas-medicas-laravel-actualizado/citas-medicas-laravel/vendor/laravel/framework/src/Illuminate/Database/Query/Builder.php(3766): Illuminate/Database/Query/Processors/Processor->processInsertGetId(Object(Illuminate/Database/Query/Builder), 'insert into \"ci...', Array, 'id')
#7 C:/Users/Usuario/Downloads/citas-medicas-laravel-actualizado/citas-medicas-laravel/vendor/laravel/framework/src/Illuminate/Database/Eloquent/Builder.php(2120): Illuminate/Database/Query/Builder->insertGetId(Array, 'id')
#8 C:/Users/Usuario/Downloads/citas-medicas-laravel-actualizado/citas-medicas-laravel/vendor/laravel/framework/src/Illuminate/Database/Eloquent/Model.php(1359): Illuminate/Database/Eloquent/Builder->__call('insertGetId', Array)
#9 C:/Users/Usuario/Downloads/citas-medicas-laravel-actualizado/citas-medicas-laravel/vendor/laravel/framework/src/Illuminate/Database/Eloquent/Model.php(1324): Illuminate/Database/Eloquent/Model->insertAndSetId(Object(Illuminate/Database/Eloquent/Builder), Array)
#10 C:/Users/Usuario/Downloads/citas-medicas-laravel-actualizado/citas-medicas-laravel/vendor/laravel/framework/src/Illuminate/Database/Eloquent/Model.php(1163): Illuminate/Database/Eloquent/Model->performInsert(Object(Illuminate/Database/Eloquent/Builder))
#11 C:/Users/Usuario/Downloads/citas-medicas-laravel-actualizado/citas-medicas-laravel/vendor/laravel/framework/src/Illuminate/Database/Eloquent/Builder.php(1128): Illuminate/Database/Eloquent/Model->save()
#12 C:/Users/Usuario/Downloads/citas-medicas-laravel-actualizado/citas-medicas-laravel/vendor/laravel/framework/src/Illuminate/Support/helpers.php(399): Illuminate/Database/Eloquent/Builder->{closure:Illuminate/Database/Eloquent/Builder::create():1127}(Object(App/Models/Cita))
#13 C:/Users/Usuario/Downloads/citas-medicas-laravel-actualizado/citas-medicas-laravel/vendor/laravel/framework/src/Illuminate/Database/Eloquent/Builder.php(1127): tap(Object(App/Models/Cita), Object(Closure))
#14 C:/Users/Usuario/Downloads/citas-medicas-laravel-actualizado/citas-medicas-laravel/vendor/laravel/framework/src/Illuminate/Support/Traits/ForwardsCalls.php(23): Illuminate/Database/Eloquent/Builder->create(Array)
#15 C:/Users/Usuario/Downloads/citas-medicas-laravel-actualizado/citas-medicas-laravel/vendor/laravel/framework/src/Illuminate/Database/Eloquent/Model.php(2372): Illuminate/Database/Eloquent/Model->forwardCallTo(Object(Illuminate/Database/Eloquent/Builder), 'create', Array)
#16 C:/Users/Usuario/Downloads/citas-medicas-laravel-actualizado/citas-medicas-laravel/vendor/laravel/framework/src/Illuminate/Database/Eloquent/Model.php(2384): Illuminate/Database/Eloquent/Model->__call('create', Array)
#17 C:/Users/Usuario/Downloads/citas-medicas-laravel-actualizado/citas-medicas-laravel/app/Http/Controllers/CitaController.php(86): Illuminate/Database/Eloquent/Model::__callStatic('create', Array)
#18 C:/Users/Usuario/Downloads/citas-medicas-laravel-actualizado/citas-medicas-laravel/vendor/laravel/framework/src/Illuminate/Routing/ControllerDispatcher.php(47): App/Http/Controllers/CitaController->store(Object(Illuminate/Http/Request))
#19 C:/Users/Usuario/Downloads/citas-medicas-laravel-actualizado/citas-medicas-laravel/vendor/laravel/framework/src/Illuminate/Routing/Route.php(266): Illuminate/Routing/ControllerDispatcher->dispatch(Object(Illuminate/Routing/Route), Object(App/Http/Controllers/CitaController), 'store')
#20 C:/Users/Usuario/Downloads/citas-medicas-laravel-actualizado/citas-medicas-laravel/vendor/laravel/framework/src/Illuminate/Routing/Route.php(212): Illuminate/Routing/Route->runController()
#21 C:/Users/Usuario/Downloads/citas-medicas-laravel-actualizado/citas-medicas-laravel/vendor/laravel/framework/src/Illuminate/Routing/Router.php(808): Illuminate/Routing/Route->run()
#22 C:/Users/Usuario/Downloads/citas-medicas-laravel-actualizado/citas-medicas-laravel/vendor/laravel/framework/src/Illuminate/Pipeline/Pipeline.php(170): Illuminate/Routing/Router->{closure:Illuminate/Routing/Router::runRouteWithinStack():807}(Object(Illuminate/Http/Request))
#23 C:/Users/Usuario/Downloads/citas-medicas-laravel-actualizado/citas-medicas-laravel/app/Http/Middleware/EnsureRole.php(23): Illuminate/Pipeline/Pipeline->{closure:Illuminate/Pipeline/Pipeline::prepareDestination():168}(Object(Illuminate/Http/Request))
#24 C:/Users/Usuario/Downloads/citas-medicas-laravel-actualizado/citas-medicas-laravel/vendor/laravel/framework/src/Illuminate/Pipeline/Pipeline.php(209): App/Http/Middleware/EnsureRole->handle(Object(Illuminate/Http/Request), Object(Closure), 'admin', 'recepcionista', 'doctor')
#25 C:/Users/Usuario/Downloads/citas-medicas-laravel-actualizado/citas-medicas-laravel/vendor/laravel/framework/src/Illuminate/Routing/Middleware/SubstituteBindings.php(51): Illuminate/Pipeline/Pipeline->{closure:{closure:Illuminate/Pipeline/Pipeline::carry():184}:185}(Object(Illuminate/Http/Request))
#26 C:/Users/Usuario/Downloads/citas-medicas-laravel-actualizado/citas-medicas-laravel/vendor/laravel/framework/src/Illuminate/Pipeline/Pipeline.php(209): Illuminate/Routing/Middleware/SubstituteBindings->handle(Object(Illuminate/Http/Request), Object(Closure))
#27 C:/Users/Usuario/Downloads/citas-medicas-laravel-actualizado/citas-medicas-laravel/vendor/laravel/framework/src/Illuminate/Auth/Middleware/Authenticate.php(64): Illuminate/Pipeline/Pipeline->{closure:{closure:Illuminate/Pipeline/Pipeline::carry():184}:185}(Object(Illuminate/Http/Request))
#28 C:/Users/Usuario/Downloads/citas-medicas-laravel-actualizado/citas-medicas-laravel/vendor/laravel/framework/src/Illuminate/Pipeline/Pipeline.php(209): Illuminate/Auth/Middleware/Authenticate->handle(Object(Illuminate/Http/Request), Object(Closure))
#29 C:/Users/Usuario/Downloads/citas-medicas-laravel-actualizado/citas-medicas-laravel/vendor/laravel/framework/src/Illuminate/Foundation/Http/Middleware/VerifyCsrfToken.php(88): Illuminate/Pipeline/Pipeline->{closure:{closure:Illuminate/Pipeline/Pipeline::carry():184}:185}(Object(Illuminate/Http/Request))
#30 C:/Users/Usuario/Downloads/citas-medicas-laravel-actualizado/citas-medicas-laravel/vendor/laravel/framework/src/Illuminate/Pipeline/Pipeline.php(209): Illuminate/Foundation/Http/Middleware/VerifyCsrfToken->handle(Object(Illuminate/Http/Request), Object(Closure))
#31 C:/Users/Usuario/Downloads/citas-medicas-laravel-actualizado/citas-medicas-laravel/vendor/laravel/framework/src/Illuminate/View/Middleware/ShareErrorsFromSession.php(49): Illuminate/Pipeline/Pipeline->{closure:{closure:Illuminate/Pipeline/Pipeline::carry():184}:185}(Object(Illuminate/Http/Request))
#32 C:/Users/Usuario/Downloads/citas-medicas-laravel-actualizado/citas-medicas-laravel/vendor/laravel/framework/src/Illuminate/Pipeline/Pipeline.php(209): Illuminate/View/Middleware/ShareErrorsFromSession->handle(Object(Illuminate/Http/Request), Object(Closure))
#33 C:/Users/Usuario/Downloads/citas-medicas-laravel-actualizado/citas-medicas-laravel/vendor/laravel/framework/src/Illuminate/Session/Middleware/StartSession.php(121): Illuminate/Pipeline/Pipeline->{closure:{closure:Illuminate/Pipeline/Pipeline::carry():184}:185}(Object(Illuminate/Http/Request))
#34 C:/Users/Usuario/Downloads/citas-medicas-laravel-actualizado/citas-medicas-laravel/vendor/laravel/framework/src/Illuminate/Session/Middleware/StartSession.php(64): Illuminate/Session/Middleware/StartSession->handleStatefulRequest(Object(Illuminate/Http/Request), Object(Illuminate/Session/Store), Object(Closure))
#35 C:/Users/Usuario/Downloads/citas-medicas-laravel-actualizado/citas-medicas-laravel/vendor/laravel/framework/src/Illuminate/Pipeline/Pipeline.php(209): Illuminate/Session/Middleware/StartSession->handle(Object(Illuminate/Http/Request), Object(Closure))
#36 C:/Users/Usuario/Downloads/citas-medicas-laravel-actualizado/citas-medicas-laravel/vendor/laravel/framework/src/Illuminate/Cookie/Middleware/AddQueuedCookiesToResponse.php(37): Illuminate/Pipeline/Pipeline->{closure:{closure:Illuminate/Pipeline/Pipeline::carry():184}:185}(Object(Illuminate/Http/Request))
#37 C:/Users/Usuario/Downloads/citas-medicas-laravel-actualizado/citas-medicas-laravel/vendor/laravel/framework/src/Illuminate/Pipeline/Pipeline.php(209): Illuminate/Cookie/Middleware/AddQueuedCookiesToResponse->handle(Object(Illuminate/Http/Request), Object(Closure))
#38 C:/Users/Usuario/Downloads/citas-medicas-laravel-actualizado/citas-medicas-laravel/vendor/laravel/framework/src/Illuminate/Cookie/Middleware/EncryptCookies.php(75): Illuminate/Pipeline/Pipeline->{closure:{closure:Illuminate/Pipeline/Pipeline::carry():184}:185}(Object(Illuminate/Http/Request))
#39 C:/Users/Usuario/Downloads/citas-medicas-laravel-actualizado/citas-medicas-laravel/vendor/laravel/framework/src/Illuminate/Pipeline/Pipeline.php(209): Illuminate/Cookie/Middleware/EncryptCookies->handle(Object(Illuminate/Http/Request), Object(Closure))
#40 C:/Users/Usuario/Downloads/citas-medicas-laravel-actualizado/citas-medicas-laravel/vendor/laravel/framework/src/Illuminate/Pipeline/Pipeline.php(127): Illuminate/Pipeline/Pipeline->{closure:{closure:Illuminate/Pipeline/Pipeline::carry():184}:185}(Object(Illuminate/Http/Request))
#41 C:/Users/Usuario/Downloads/citas-medicas-laravel-actualizado/citas-medicas-laravel/vendor/laravel/framework/src/Illuminate/Routing/Router.php(807): Illuminate/Pipeline/Pipeline->then(Object(Closure))
#42 C:/Users/Usuario/Downloads/citas-medicas-laravel-actualizado/citas-medicas-laravel/vendor/laravel/framework/src/Illuminate/Routing/Router.php(786): Illuminate/Routing/Router->runRouteWithinStack(Object(Illuminate/Routing/Route), Object(Illuminate/Http/Request))
#43 C:/Users/Usuario/Downloads/citas-medicas-laravel-actualizado/citas-medicas-laravel/vendor/laravel/framework/src/Illuminate/Routing/Router.php(750): Illuminate/Routing/Router->runRoute(Object(Illuminate/Http/Request), Object(Illuminate/Routing/Route))
#44 C:/Users/Usuario/Downloads/citas-medicas-laravel-actualizado/citas-medicas-laravel/vendor/laravel/framework/src/Illuminate/Routing/Router.php(739): Illuminate/Routing/Router->dispatchToRoute(Object(Illuminate/Http/Request))
#45 C:/Users/Usuario/Downloads/citas-medicas-laravel-actualizado/citas-medicas-laravel/vendor/laravel/framework/src/Illuminate/Foundation/Http/Kernel.php(201): Illuminate/Routing/Router->dispatch(Object(Illuminate/Http/Request))
#46 C:/Users/Usuario/Downloads/citas-medicas-laravel-actualizado/citas-medicas-laravel/vendor/laravel/framework/src/Illuminate/Pipeline/Pipeline.php(170): Illuminate/Foundation/Http/Kernel->{closure:Illuminate/Foundation/Http/Kernel::dispatchToRouter():198}(Object(Illuminate/Http/Request))
#47 C:/Users/Usuario/Downloads/citas-medicas-laravel-actualizado/citas-medicas-laravel/vendor/laravel/framework/src/Illuminate/Foundation/Http/Middleware/TransformsRequest.php(21): Illuminate/Pipeline/Pipeline->{closure:Illuminate/Pipeline/Pipeline::prepareDestination():168}(Object(Illuminate/Http/Request))
#48 C:/Users/Usuario/Downloads/citas-medicas-laravel-actualizado/citas-medicas-laravel/vendor/laravel/framework/src/Illuminate/Foundation/Http/Middleware/ConvertEmptyStringsToNull.php(31): Illuminate/Foundation/Http/Middleware/TransformsRequest->handle(Object(Illuminate/Http/Request), Object(Closure))
#49 C:/Users/Usuario/Downloads/citas-medicas-laravel-actualizado/citas-medicas-laravel/vendor/laravel/framework/src/Illuminate/Pipeline/Pipeline.php(209): Illuminate/Foundation/Http/Middleware/ConvertEmptyStringsToNull->handle(Object(Illuminate/Http/Request), Object(Closure))
#50 C:/Users/Usuario/Downloads/citas-medicas-laravel-actualizado/citas-medicas-laravel/vendor/laravel/framework/src/Illuminate/Foundation/Http/Middleware/TransformsRequest.php(21): Illuminate/Pipeline/Pipeline->{closure:{closure:Illuminate/Pipeline/Pipeline::carry():184}:185}(Object(Illuminate/Http/Request))
#51 C:/Users/Usuario/Downloads/citas-medicas-laravel-actualizado/citas-medicas-laravel/vendor/laravel/framework/src/Illuminate/Foundation/Http/Middleware/TrimStrings.php(51): Illuminate/Foundation/Http/Middleware/TransformsRequest->handle(Object(Illuminate/Http/Request), Object(Closure))
#52 C:/Users/Usuario/Downloads/citas-medicas-laravel-actualizado/citas-medicas-laravel/vendor/laravel/framework/src/Illuminate/Pipeline/Pipeline.php(209): Illuminate/Foundation/Http/Middleware/TrimStrings->handle(Object(Illuminate/Http/Request), Object(Closure))
#53 C:/Users/Usuario/Downloads/citas-medicas-laravel-actualizado/citas-medicas-laravel/vendor/laravel/framework/src/Illuminate/Http/Middleware/ValidatePostSize.php(27): Illuminate/Pipeline/Pipeline->{closure:{closure:Illuminate/Pipeline/Pipeline::carry():184}:185}(Object(Illuminate/Http/Request))
#54 C:/Users/Usuario/Downloads/citas-medicas-laravel-actualizado/citas-medicas-laravel/vendor/laravel/framework/src/Illuminate/Pipeline/Pipeline.php(209): Illuminate/Http/Middleware/ValidatePostSize->handle(Object(Illuminate/Http/Request), Object(Closure))
#55 C:/Users/Usuario/Downloads/citas-medicas-laravel-actualizado/citas-medicas-laravel/vendor/laravel/framework/src/Illuminate/Foundation/Http/Middleware/PreventRequestsDuringMaintenance.php(110): Illuminate/Pipeline/Pipeline->{closure:{closure:Illuminate/Pipeline/Pipeline::carry():184}:185}(Object(Illuminate/Http/Request))
#56 C:/Users/Usuario/Downloads/citas-medicas-laravel-actualizado/citas-medicas-laravel/vendor/laravel/framework/src/Illuminate/Pipeline/Pipeline.php(209): Illuminate/Foundation/Http/Middleware/PreventRequestsDuringMaintenance->handle(Object(Illuminate/Http/Request), Object(Closure))
#57 C:/Users/Usuario/Downloads/citas-medicas-laravel-actualizado/citas-medicas-laravel/vendor/laravel/framework/src/Illuminate/Http/Middleware/HandleCors.php(49): Illuminate/Pipeline/Pipeline->{closure:{closure:Illuminate/Pipeline/Pipeline::carry():184}:185}(Object(Illuminate/Http/Request))
#58 C:/Users/Usuario/Downloads/citas-medicas-laravel-actualizado/citas-medicas-laravel/vendor/laravel/framework/src/Illuminate/Pipeline/Pipeline.php(209): Illuminate/Http/Middleware/HandleCors->handle(Object(Illuminate/Http/Request), Object(Closure))
#59 C:/Users/Usuario/Downloads/citas-medicas-laravel-actualizado/citas-medicas-laravel/vendor/laravel/framework/src/Illuminate/Http/Middleware/TrustProxies.php(58): Illuminate/Pipeline/Pipeline->{closure:{closure:Illuminate/Pipeline/Pipeline::carry():184}:185}(Object(Illuminate/Http/Request))
#60 C:/Users/Usuario/Downloads/citas-medicas-laravel-actualizado/citas-medicas-laravel/vendor/laravel/framework/src/Illuminate/Pipeline/Pipeline.php(209): Illuminate/Http/Middleware/TrustProxies->handle(Object(Illuminate/Http/Request), Object(Closure))
#61 C:/Users/Usuario/Downloads/citas-medicas-laravel-actualizado/citas-medicas-laravel/vendor/laravel/framework/src/Illuminate/Foundation/Http/Middleware/InvokeDeferredCallbacks.php(22): Illuminate/Pipeline/Pipeline->{closure:{closure:Illuminate/Pipeline/Pipeline::carry():184}:185}(Object(Illuminate/Http/Request))
#62 C:/Users/Usuario/Downloads/citas-medicas-laravel-actualizado/citas-medicas-laravel/vendor/laravel/framework/src/Illuminate/Pipeline/Pipeline.php(209): Illuminate/Foundation/Http/Middleware/InvokeDeferredCallbacks->handle(Object(Illuminate/Http/Request), Object(Closure))
#63 C:/Users/Usuario/Downloads/citas-medicas-laravel-actualizado/citas-medicas-laravel/vendor/laravel/framework/src/Illuminate/Pipeline/Pipeline.php(127): Illuminate/Pipeline/Pipeline->{closure:{closure:Illuminate/Pipeline/Pipeline::carry():184}:185}(Object(Illuminate/Http/Request))
#64 C:/Users/Usuario/Downloads/citas-medicas-laravel-actualizado/citas-medicas-laravel/vendor/laravel/framework/src/Illuminate/Foundation/Http/Kernel.php(176): Illuminate/Pipeline/Pipeline->then(Object(Closure))
#65 C:/Users/Usuario/Downloads/citas-medicas-laravel-actualizado/citas-medicas-laravel/vendor/laravel/framework/src/Illuminate/Foundation/Http/Kernel.php(145): Illuminate/Foundation/Http/Kernel->sendRequestThroughRouter(Object(Illuminate/Http/Request))
#66 C:/Users/Usuario/Downloads/citas-medicas-laravel-actualizado/citas-medicas-laravel/vendor/laravel/framework/src/Illuminate/Foundation/Testing/Concerns/MakesHttpRequests.php(607): Illuminate/Foundation/Http/Kernel->handle(Object(Illuminate/Http/Request))
#67 C:/Users/Usuario/Downloads/citas-medicas-laravel-actualizado/citas-medicas-laravel/vendor/laravel/framework/src/Illuminate/Foundation/Testing/Concerns/MakesHttpRequests.php(397): Illuminate/Foundation/Testing/TestCase->call('POST', 'http://localhos...', Array, Array, Array, Array)
#68 C:/Users/Usuario/Downloads/citas-medicas-laravel-actualizado/citas-medicas-laravel/tests/Feature/Validacion/CitaValidacionTest.php(96): Illuminate/Foundation/Testing/TestCase->post('http://localhos...', Array)
#69 C:/Users/Usuario/Downloads/citas-medicas-laravel-actualizado/citas-medicas-laravel/vendor/phpunit/phpunit/src/Framework/TestCase.php(1667): Tests/Feature/Validacion/CitaValidacionTest->test_no_permite_dos_citas_para_el_mismo_doctor_en_la_misma_fecha_y_hora()
#70 C:/Users/Usuario/Downloads/citas-medicas-laravel-actualizado/citas-medicas-laravel/vendor/phpunit/phpunit/src/Framework/TestCase.php(519): PHPUnit/Framework/TestCase->runTest()
#71 C:/Users/Usuario/Downloads/citas-medicas-laravel-actualizado/citas-medicas-laravel/vendor/phpunit/phpunit/src/Framework/TestRunner/TestRunner.php(87): PHPUnit/Framework/TestCase->runBare()
#72 C:/Users/Usuario/Downloads/citas-medicas-laravel-actualizado/citas-medicas-laravel/vendor/phpunit/phpunit/src/Framework/TestCase.php(365): PHPUnit/Framework/TestRunner->run(Object(Tests/Feature/Validacion/CitaValidacionTest))
#73 C:/Users/Usuario/Downloads/citas-medicas-laravel-actualizado/citas-medicas-laravel/vendor/phpunit/phpunit/src/Framework/TestSuite.php(369): PHPUnit/Framework/TestCase->run()
#74 C:/Users/Usuario/Downloads/citas-medicas-laravel-actualizado/citas-medicas-laravel/vendor/phpunit/phpunit/src/Framework/TestSuite.php(369): PHPUnit/Framework/TestSuite->run()
#75 C:/Users/Usuario/Downloads/citas-medicas-laravel-actualizado/citas-medicas-laravel/vendor/phpunit/phpunit/src/Framework/TestSuite.php(369): PHPUnit/Framework/TestSuite->run()
#76 C:/Users/Usuario/Downloads/citas-medicas-laravel-actualizado/citas-medicas-laravel/vendor/phpunit/phpunit/src/TextUI/TestRunner.php(64): PHPUnit/Framework/TestSuite->run()
#77 C:/Users/Usuario/Downloads/citas-medicas-laravel-actualizado/citas-medicas-laravel/vendor/phpunit/phpunit/src/TextUI/Application.php(211): PHPUnit/TextUI/TestRunner->run(Object(PHPUnit/TextUI/Configuration/Configuration), Object(PHPUnit/Runner/ResultCache/DefaultResultCache), Object(PHPUnit/Framework/TestSuite))
#78 C:/Users/Usuario/Downloads/citas-medicas-laravel-actualizado/citas-medicas-laravel/vendor/phpunit/phpunit/phpunit(104): PHPUnit/TextUI/Application->run(Array)
#79 {main}
"} 
[2026-08-02 02:31:03] local.INFO: Codigo de recuperacion de contraseña para admin@clinica.com: 793772  
